date..t.,Bitcoin_Change...t.1.,total_net_tsmc..t.1.,Dow.Jones_diff,NASDAQ_diff,S_P_500_diff,SOX_diff,TAIEX..t.
2014-12-26,-0.04,2288000,0.03,0.17,0.33,0.15,1
2014-12-29,0.03,6570000,0.13,0.7,0.09,0.09,0
2014-12-30,-0.01,21133418,-0.09,0,-0.49,-0.28,1
2014-12-31,-0.01,2936973,-0.31,-0.61,-1.03,-0.59,0
2015-01-05,0.02,3877600,-0.89,-0.87,-1.86,-0.6,0
2015-01-06,0.04,3478335,-1.8,-1.76,-0.89,-1.93,1
2015-01-07,0.03,-34982081,-0.74,-1.29,1.16,-2.19,1
2015-01-08,0.03,1569649,1.23,1.26,1.79,0.98,0
2015-01-09,-0.03,7258623,1.84,1.84,-0.84,2.91,0
2015-01-12,0.02,-33534292,-0.95,-0.68,-0.81,0.13,1
2015-01-13,0.02,-12808626,-0.54,-0.84,-0.26,-2,0
2015-01-14,-0.18,-8102546,-0.15,-0.07,-0.58,-0.93,0
2015-01-15,-0.25,-25556520,-1.06,-0.48,-0.92,-0.59,0
2015-01-16,0.27,204271,-0.61,-1.48,1.34,-0.78,1
2015-01-20,-0.01,18045999,1.1,1.39,0.15,1.12,1
2015-01-21,-0.02,10776215,0.02,0.44,0.47,1.01,1
2015-01-22,0.08,52280744,0.22,0.27,1.53,1.13,1
2015-01-23,0.02,17313193,1.48,1.78,-0.55,0.64,1
2015-01-26,0,53647433,-0.79,0.16,0.26,-0.28,1
2015-01-27,0.07,22679917,0.03,0.29,-1.34,0.27,0
2015-01-28,-0.02,32339586,-1.65,-1.89,-1.35,-1.85,0
2015-01-29,-0.1,19341926,-1.13,-0.93,0.95,-0.56,0
2015-01-30,-0.01,-2162545,1.31,0.98,-1.3,0.08,1
2015-02-02,-0.01,-9226677,-1.45,-1.03,1.3,-2.02,1
2015-02-03,0.06,5017523,1.14,0.89,1.44,0,1
2015-02-04,-0.05,5886151,1.76,1.09,-0.42,2.11,0
2015-02-05,0,8003968,0.04,-0.23,1.03,0.33,0
2015-02-06,-0.04,-5328371,1.2,1.03,-0.34,0.98,0
2015-02-09,0.03,-855000,-0.34,-0.43,-0.42,-0.57,0
2015-02-10,-0.01,-2630925,-0.53,-0.39,1.07,-1.09,1
2015-02-11,0,1566930,0.79,1.3,0,3.38,1
2015-02-12,0,25187705,-0.04,0.28,0.96,0.32,1
2015-02-13,0.01,9523179,0.62,1.18,0.41,1.59,1
2015-02-24,0.06,10662418,0.26,0.75,0.88,0.7,1
2015-02-25,0,11660129,1.05,1.52,-0.08,1.57,0
2015-02-26,-0.01,22206017,0.08,-0.02,-0.15,-0.58,0
2015-03-02,0,8161363,-0.06,0.42,0.32,0.66,1
2015-03-03,0.06,-5606574,0.41,0.41,-0.45,2.49,1
2015-03-04,0.03,860552,-0.47,-0.56,-0.44,-1.94,0
2015-03-05,-0.03,2280344,-0.58,-0.26,0.12,-0.1,1
2015-03-06,0.01,1393783,0.21,0.32,-1.42,0.1,0
2015-03-09,-0.01,-5147457,-1.54,-1.11,0.39,-1.09,0
2015-03-10,0.06,-34068178,0.78,0.31,-1.7,0.37,0
2015-03-11,0,-29503995,-1.85,-1.67,-0.19,-1.92,1
2015-03-12,0.01,-9634633,-0.16,-0.2,1.26,0.27,0
2015-03-13,-0.01,-2264341,1.47,0.89,-0.61,-0.06,0
2015-03-16,-0.02,-5926230,-0.82,-0.44,1.35,0.71,1
2015-03-17,0.02,-10712579,1.29,1.19,-0.33,1.52,1
2015-03-18,-0.02,4090618,-0.71,0.16,1.22,-0.74,1
2015-03-19,-0.1,18957377,1.27,0.92,-0.49,0.74,1
2015-03-20,0.02,3546365,-0.65,0.19,0.9,0.24,1
2015-03-23,0,-934637,0.94,0.68,-0.17,1.49,0
2015-03-24,-0.01,5954506,-0.06,-0.31,-0.61,-0.95,0
2015-03-25,-0.07,-4604505,-0.58,-0.32,-1.46,-0.85,0
2015-03-26,0,-6535845,-1.62,-2.37,-0.24,-4.6,0
2015-03-27,0.01,-63061692,-0.23,-0.27,0.24,-1.39,1
2015-03-30,0,-66965466,0.19,0.57,1.22,2.83,1
2015-03-31,0.02,-34645594,1.49,1.15,-0.88,1.36,0
2015-04-01,-0.01,-17012404,-1.11,-0.94,-0.4,-1.17,1
2015-04-02,0.01,-13720412,-0.44,-0.42,0.35,-0.62,1
2015-04-07,0.03,2289077,0.37,0.14,0.45,-0.29,0
2015-04-08,-0.01,-5704864,0.63,0.48,0.27,0.55,0
2015-04-09,-0.03,-11780640,0.15,0.83,0.45,0.65,1
2015-04-10,-0.01,-7733535,0.31,0.48,0.52,1.25,1
2015-04-13,-0.04,3063162,0.55,0.43,-0.46,0.41,0
2015-04-14,-0.05,-9536040,-0.45,-0.15,0.16,-0.64,0
2015-04-15,-0.02,-23810711,0.33,-0.22,0.51,-0.95,1
2015-04-16,0.02,-37223399,0.42,0.68,-0.08,1.64,0
2015-04-17,0.02,11955706,-0.04,-0.06,-1.13,-0.46,0
2015-04-20,-0.02,-39833495,-1.54,-1.52,0.92,-1.41,0
2015-04-21,0.01,-9687039,1.17,1.27,-0.15,0.89,1
2015-04-22,0.04,-8926154,-0.47,0.39,0.51,0.69,1
2015-04-23,0,184769,0.49,0.42,0.24,1.37,1
2015-04-24,0.01,17275933,0.11,0.41,0.23,-1.58,1
2015-04-27,-0.02,86627926,0.12,0.71,-0.41,-1.66,0
2015-04-28,0.05,25578798,-0.23,-0.63,0.28,0.34,0
2015-04-29,-0.01,13184855,0.4,-0.1,-0.37,0.02,0
2015-04-30,0,182516,-0.41,-0.63,-1.01,-0.58,1
2015-05-04,0.05,-14533583,-1.08,-1.64,1.39,-0.85,0
2015-05-05,0,-1523128,1.29,1.53,-1.18,2.58,0
2015-05-06,-0.01,-5886696,-0.79,-1.55,-0.45,-2.22,0
2015-05-07,-0.02,-4730238,-0.48,-0.4,0.38,-0.14,0
2015-05-08,0.03,-1407009,0.46,0.53,1.35,1.13,0
2015-05-11,0.03,-150058,1.49,1.17,-0.51,1,1
2015-05-12,0.01,4002001,-0.47,-0.2,-0.29,0.03,1
2015-05-13,0,-491170,-0.2,-0.35,-0.03,-0.87,0
2015-05-14,-0.02,3000505,-0.04,0.11,1.08,0.57,0
2015-05-15,0,-4226333,1.06,1.39,0.08,1.17,1
2015-05-18,0,563868,0.11,-0.05,0.3,0.17,1
2015-05-19,-0.02,-1782000,0.14,0.6,-0.06,0.99,0
2015-05-20,0,-2554972,0.07,-0.17,-0.09,-0.44,0
2015-05-21,0.01,-971793,-0.15,0.03,0.23,0.15,1
2015-05-22,0.01,-8085282,0,0.38,-0.22,0.55,1
2015-05-26,0.02,-9436901,-0.29,-0.03,-1.03,0.24,1
2015-05-27,0,769585,-1.04,-1.11,0.92,-0.76,1
2015-05-28,0,-11552299,0.67,1.47,-0.13,3.86,0
2015-05-29,0,920529,-0.2,-0.17,-0.63,0.12,0
2015-06-01,0,-5324113,-0.64,-0.55,0.21,0.29,0
2015-06-02,-0.03,-17413800,0.16,0.25,-0.1,0.09,0
2015-06-03,0.01,-10593026,-0.16,-0.13,0.21,-1.18,0
2015-06-04,0,-4966009,0.36,0.45,-0.86,-0.62,0
2015-06-05,-0.01,-23795713,-0.94,-0.79,-0.14,-0.94,1
2015-06-08,0,-14527031,-0.31,0.18,-0.65,0.07,0
2015-06-09,0.02,-29564642,-0.46,-0.92,0.04,-1.92,1
2015-06-10,0,-9066491,-0.01,-0.15,1.2,-0.11,1
2015-06-11,0,-14443230,1.33,1.25,0.17,1.31,0
2015-06-12,0,-1320100,0.22,0.11,-0.7,-0.06,0
2015-06-15,0,-10123880,-0.78,-0.62,-0.46,-0.89,0
2015-06-16,0.01,-9605000,-0.6,-0.42,0.57,-0.21,0
2015-06-17,0.05,-10702395,0.64,0.51,0.2,0.34,1
2015-06-18,-0.01,-5560782,0.17,0.18,0.99,0.02,1
2015-06-22,0,-9390934,1,1.34,0.08,1.46,1
2015-06-23,0.01,-7444351,0.02,0.41,0.06,0.36,1
2015-06-24,-0.02,2243010,0.13,0.12,-0.74,-0.6,1
2015-06-25,-0.01,1480896,-0.98,-0.73,-0.3,-1.02,0
2015-06-26,0.01,19173747,-0.42,-0.2,-0.04,-0.09,0
2015-06-29,0,16159104,0.31,-0.62,-2.09,-2.44,1
2015-06-30,0.03,-21959532,-1.95,-2.4,0.27,-2.91,1
2015-07-01,0.03,-786313,0.13,0.57,0.69,0.36,1
2015-07-02,-0.02,-5454169,0.79,0.53,-0.03,0.23,0
2015-07-06,-0.01,-860216,-0.16,-0.08,-0.39,0.5,0
2015-07-07,0,-6912192,-0.26,-0.34,0.61,-1.52,0
2015-07-08,-0.01,-3227872,0.53,0.11,-1.67,-0.33,0
2015-07-09,0.01,-11825118,-1.47,-1.75,0.23,-2.62,1
2015-07-13,0,-23483980,0.19,0.26,2.35,-1.31,1
2015-07-14,-0.06,-6352203,2.44,3.03,0.45,2.68,1
2015-07-15,-0.01,-2373027,0.42,0.66,-0.07,1.08,0
2015-07-16,-0.01,-1821964,-0.02,-0.12,0.8,-0.62,1
2015-07-17,-0.02,-8889405,0.39,1.26,0.11,0.24,0
2015-07-20,0.01,21087116,-0.19,0.91,0.08,-0.23,1
2015-07-21,0.02,6340448,0.08,0.17,-0.43,-0.68,0
2015-07-22,-0.01,5435800,-1,-0.21,-0.24,0.05,0
2015-07-23,0,-2839719,-0.38,-0.7,-0.57,-2.52,0
2015-07-24,0,-12419274,-0.67,-0.49,-1.07,1.45,0
2015-07-27,0.05,-3232295,-0.92,-1.12,-0.58,-1.99,1
2015-07-28,0,-18573202,-0.73,-0.96,1.24,-0.72,0
2015-07-29,0,-11549589,1.09,0.98,0.73,2.04,1
2015-07-30,-0.02,6732465,0.69,0.44,0,0.13,1
2015-07-31,0,11423894,-0.03,0.33,-0.23,0.37,0
2015-08-03,-0.01,5096598,-0.32,-0.01,-0.28,-1.2,0
2015-08-04,0,-15753952,-0.52,-0.25,-0.22,-0.3,1
2015-08-05,0.01,2732707,-0.27,-0.19,0.31,-1.11,0
2015-08-06,-0.01,-10640659,-0.06,0.67,-0.78,1.17,0
2015-08-07,-0.01,-719181,-0.69,-1.62,-0.29,-1.78,1
2015-08-10,0,-7904717,-0.27,-0.26,1.28,0.58,0
2015-08-11,0,-6640640,1.39,1.16,-0.96,2.49,0
2015-08-12,0.02,17825397,-1.21,-1.27,0.1,-2.27,1
2015-08-13,-0.01,-8837118,0,0.15,-0.13,0.58,0
2015-08-14,-0.02,2032686,0.03,-0.21,0.39,-1.04,0
2015-08-17,0.01,-5529600,0.4,0.29,0.52,-0.6,0
2015-08-18,0,1261825,0.39,0.86,-0.26,0.98,0
2015-08-19,-0.04,5570799,-0.19,-0.64,-0.83,-2.08,1
2015-08-20,-0.08,-5730942,-0.93,-0.8,-2.11,-0.91,0
2015-08-21,0.04,-4091988,-2.06,-2.82,-3.19,-3.81,0
2015-08-24,-0.01,-15303463,-3.12,-3.52,-3.94,-2.72,1
2015-08-25,-0.07,1292954,-3.57,-3.82,-1.35,-2.08,1
2015-08-26,0.04,19704907,-1.29,-0.44,3.9,-1.23,1
2015-08-27,0.02,-10590644,3.95,4.24,2.43,5.04,1
2015-08-28,-0.01,-2700934,2.27,2.45,0.06,3.73,1
2015-08-31,0.04,-1365730,-0.07,0.32,-0.84,0.68,0
2015-09-01,0,6017323,-0.69,-1.07,-2.96,-0.47,1
2015-09-02,-0.01,-11547994,-2.84,-2.94,1.83,-3.42,1
2015-09-03,0.01,6647438,1.82,2.46,0.12,2.31,0
2015-09-04,-0.01,5104600,0.14,-0.35,-1.53,0.79,1
2015-09-08,0.02,-1292041,-1.66,-1.05,2.51,-1.8,1
2015-09-09,0.02,-2524114,2.42,2.73,-1.39,4.42,0
2015-09-10,-0.02,35522447,-1.45,-1.15,0.53,-1.8,1
2015-09-11,0,-9609736,0.47,0.84,0.45,0.41,1
2015-09-14,0.01,5252914,0.63,0.54,-0.41,0.08,0
2015-09-15,0,2051616,-0.38,-0.34,1.28,0.3,1
2015-09-16,0,-2459408,1.4,1.14,0.87,1.21,1
2015-09-17,0,21549503,0.84,0.59,-0.26,0.23,1
2015-09-18,0.02,19409033,-0.39,0.1,-1.62,-0.88,0
2015-09-21,0,5911064,-1.74,-1.36,0.46,-1.66,1
2015-09-22,-0.02,-1110272,0.77,0.04,-1.23,-0.33,0
2015-09-23,0.02,1436054,-1.09,-1.5,-0.2,-2.25,0
2015-09-24,0,-20346785,-0.31,-0.08,-0.34,-0.73,1
2015-09-25,0.02,5852634,-0.48,-0.38,-0.05,-0.17,1
2015-09-30,0.01,937115,0.7,-1.01,-0.59,0.54,1
2015-10-01,0,19354954,-0.18,-1.42,0.2,1.66,1
2015-10-02,0,18695529,-0.08,0.15,1.43,-1.18,1
2015-10-05,0,-227541,1.23,1.74,1.83,2.16,1
2015-10-06,0.01,-1996534,1.85,1.56,-0.36,1.87,1
2015-10-07,0.02,3554120,0.08,-0.69,0.8,0.34,0
2015-10-08,-0.01,20504874,0.73,0.9,0.88,1.51,1
2015-10-12,0,14271609,0.82,0.41,0.2,0.55,0
2015-10-13,-0.01,12334255,0.48,0.58,-0.68,-0.67,0
2015-10-14,0.01,8868687,-0.29,-0.87,-0.47,-1.31,1
2015-10-15,0.01,-4966120,-0.92,-0.29,1.49,3.76,1
2015-10-16,0.01,24619109,1.28,1.82,0.46,0.96,1
2015-10-19,0.03,-1227655,0.43,0.34,0.03,0.11,1
2015-10-20,0.01,9233947,0.08,0.38,-0.14,0.04,0
2015-10-21,0.02,14410843,-0.08,-0.5,-0.58,-0.15,0
2015-10-22,-0.01,8595600,-0.28,-0.84,1.66,0.21,1
2015-10-23,0.03,2529667,1.87,1.65,1.1,3.48,1
2015-10-26,0.01,17399104,0.9,2.27,-0.19,1.15,0
2015-10-27,-0.01,9110908,-0.13,0.06,-0.26,-1.98,0
2015-10-28,0.03,5965969,-0.24,-0.09,1.18,-0.67,0
2015-10-29,0.03,-1498264,1.13,1.3,-0.04,1.73,0
2015-10-30,0.03,-1988867,-0.13,-0.42,-0.48,-2.99,1
2015-11-02,0.04,416080,-0.52,-0.4,1.19,0.85,1
2015-11-03,0.11,5264375,0.94,1.45,0.27,0.91,1
2015-11-04,0.1,18915586,0.5,0.35,-0.35,0.47,0
2015-11-05,0.01,51377919,-0.28,-0.05,-0.11,0.27,0
2015-11-06,-0.05,5775742,-0.02,-0.29,-0.03,-2.1,0
2015-11-09,-0.03,-7346713,0.26,0.38,-0.98,2.59,0
2015-11-10,0.02,7906189,-1,-1.01,0.15,-0.97,0
2015-11-11,-0.11,-7068255,0.16,-0.24,-0.32,-1.79,1
2015-11-12,-0.1,-8758691,-0.32,-0.32,-1.4,0.05,0
2015-11-13,0.1,533492,-1.44,-1.22,-1.12,-1.29,0
2015-11-16,0,-7254236,-1.16,-1.54,1.49,-0.93,1
2015-11-17,0.04,-11787487,1.38,1.15,-0.13,1.29,0
2015-11-18,0.01,4154437,0.04,0.03,1.62,0.58,1
2015-11-19,0.01,-5234005,1.42,1.79,-0.11,0.96,0
2015-11-20,-0.03,6631596,-0.02,-0.03,0.38,0.23,1
2015-11-23,-0.01,6135664,0.51,0.62,-0.12,0.32,0
2015-11-24,0,3225350,-0.17,-0.05,0.12,-1.29,0
2015-11-25,-0.01,431486,0.11,0.01,-0.01,1.28,0
2015-11-27,0.03,3247552,0.01,0.26,0.06,0.07,0
2015-11-30,0.02,-7811738,0,0.22,-0.46,0.66,1
2015-12-01,0.02,-19976405,-0.52,-0.37,1.07,0.99,0
2015-12-02,-0.04,16700237,0.95,0.93,-1.1,1.39,0
2015-12-03,0,6867055,-0.89,-0.64,-1.44,-0.56,0
2015-12-04,0,1325008,-1.42,-1.67,2.05,-0.58,1
2015-12-07,0,-9649714,2.12,2.08,-0.7,1.88,0
2015-12-08,0,16972666,-0.66,-0.79,-0.65,-0.96,0
2015-12-09,0.04,-4978699,-0.92,-0.07,-0.77,-0.85,0
2015-12-10,0.01,-8053042,-0.43,-1.48,0.23,-1.29,0
2015-12-11,0,-9399950,0.47,0.44,-1.94,0.59,0
2015-12-14,0.08,-6912155,-1.76,-2.21,0.48,-1.99,1
2015-12-15,0.02,-771128,0.6,0.38,1.06,-0.65,1
2015-12-16,0.05,-1709369,0.9,0.87,1.45,1.52,1
2015-12-17,-0.02,37593223,1.28,1.52,-1.5,0.78,0
2015-12-18,0,15852561,-1.43,-1.35,-1.78,-1.49,1
2015-12-21,0.02,5940667,-2.1,-1.59,0.78,-1.21,1
2015-12-22,-0.01,-2483663,0.72,0.93,0.88,1.9,1
2015-12-23,0,2041926,0.96,0.65,1.24,0.15,1
2015-12-24,0.01,2858177,1.06,0.9,-0.16,0.7,0
2015-12-28,0.02,3829882,-0.29,0.05,-0.22,0.39,0
2015-12-29,0,4627000,-0.14,-0.15,1.06,-0.39,0
2015-12-30,0.02,-140674,1.1,1.33,-0.72,1.2,1
2015-12-31,-0.01,665071,-0.66,-0.82,-0.94,-0.99,0
2016-01-04,0.01,2316244,-1.02,-1.15,-1.53,-1.43,0
2016-01-05,0.01,-18476366,-1.58,-2.08,0.2,-1.09,0
2016-01-06,0,-5202733,0.06,-0.24,-1.31,-1.04,0
2016-01-07,0,-16603280,-1.47,-1.14,-2.37,-2.81,1
2016-01-08,0.06,-16743297,-2.32,-3.03,-1.08,-3.32,0
2016-01-11,-0.01,-1297009,-1.02,-0.98,0.09,-1.6,0
2016-01-12,0,-4995447,0.32,-0.12,0.78,0.51,1
2016-01-13,-0.01,-7814305,0.72,1.03,-2.5,0.83,0
2016-01-14,-0.03,4333776,-2.21,-3.41,1.67,-3.14,1
2016-01-15,-0.01,-5113876,1.41,1.97,-2.16,2.05,1
2016-01-19,-0.13,24974257,-2.39,-2.74,0.05,-4.53,0
2016-01-20,-0.01,770174,0.17,-0.26,-1.17,0.15,0
2016-01-21,0.09,-4789974,-1.56,-0.12,0.52,0.65,1
2016-01-22,-0.01,-1046542,0.74,0.01,2.03,1.49,1
2016-01-25,-0.07,9149282,1.33,2.66,-1.56,1.85,0
2016-01-26,-0.02,6762083,-1.29,-1.58,1.41,-1.44,1
2016-01-27,-0.01,-1582290,1.78,1.09,-1.09,1.03,1
2016-01-28,0.01,3196579,-1.38,-2.18,0.55,-1.2,1
2016-01-29,-0.04,10653505,0.79,0.86,2.48,-0.31,1
2016-02-01,0,20175769,2.47,2.38,-0.04,4.57,0
2016-02-02,0.01,26453795,-0.1,0.14,-1.87,0.48,0
2016-02-03,0,3657787,-1.8,-2.24,0.5,-3.39,1
2016-02-16,-0.02,32050679,1.13,-0.28,-0.89,0.24,1
2016-02-17,0.01,17429382,-0.86,-1.52,1.65,-0.87,1
2016-02-18,0.03,15877510,1.59,2.21,-0.47,2.39,1
2016-02-19,0.01,34922018,-0.25,-1.03,0,-0.58,1
2016-02-22,0,11567756,-0.13,0.38,1.45,0.49,1
2016-02-23,0,14406397,1.4,1.47,-1.25,1.58,0
2016-02-24,-0.04,2196328,-1.14,-1.47,0.44,-1.65,1
2016-02-25,0.01,1141381,0.32,0.87,1.13,1.4,1
2016-02-26,0,13978207,1.29,0.87,-0.19,1.26,1
2016-03-01,0.01,7657324,-0.34,0.18,1.56,0.58,1
2016-03-02,0,8277253,1.35,2.16,0.41,2.44,1
2016-03-03,-0.02,15166787,0.2,0.29,0.35,0.53,1
2016-03-04,-0.01,15176602,0.26,0.09,0.33,0.09,1
2016-03-07,-0.02,739706,0.37,0.2,0.09,1.05,1
2016-03-08,0.02,212336,0.4,-0.19,-1.12,0.32,0
2016-03-09,-0.01,7272400,-0.64,-1.26,0.51,-2.25,1
2016-03-10,0,11212939,0.21,0.55,0.02,0.82,1
2016-03-11,0.01,12786540,-0.03,-0.26,1.64,0.51,1
2016-03-14,0.01,14836232,1.28,1.85,-0.13,1.94,0
2016-03-15,0,18295792,0.09,0.04,-0.18,-0.42,1
2016-03-16,0,7221468,0.13,-0.45,0.56,-0.14,1
2016-03-17,0,13771058,0.43,0.75,0.66,0.88,1
2016-03-18,0.01,28182570,0.9,0.23,0.44,0.72,1
2016-03-21,-0.02,25577693,0.69,0.43,0.1,1.36,0
2016-03-22,0,12658553,0.12,0.28,-0.09,0.14,0
2016-03-23,0.01,5090704,-0.23,0.27,-0.64,-0.1,0
2016-03-24,0,9608002,-0.45,-1.1,-0.04,-1.31,0
2016-03-28,-0.01,5890127,0.08,0.1,0.05,-0.05,0
2016-03-29,-0.01,6518808,0.11,-0.14,0.88,-0.14,1
2016-03-30,-0.02,3521375,0.56,1.67,0.44,1.34,1
2016-03-31,-0.01,15238418,0.47,0.47,-0.2,0.99,0
2016-04-01,0.01,9209908,-0.18,0.01,0.63,-0.57,0
2016-04-06,0,-4202941,0.61,0.92,-0.3,0.69,0
2016-04-07,0,-11795518,-0.43,0.13,-1.2,-0.5,1
2016-04-08,0,-6671243,-0.98,-1.47,0.28,-1.59,1
2016-04-11,-0.01,-3250796,0.2,0.05,-0.27,0.58,0
2016-04-12,0,-4881920,-0.12,-0.36,0.97,-0.11,1
2016-04-13,0.01,-2144730,0.94,0.8,1,-0.13,1
2016-04-14,0,21303728,1.06,1.55,0.02,2.3,1
2016-04-15,0,8872356,0.1,-0.03,-0.1,-0.86,0
2016-04-18,0.01,-4502097,-0.16,-0.16,0.65,-0.85,0
2016-04-19,0,-5224232,0.6,0.44,0.31,0.07,0
2016-04-20,0.02,-4697150,0.27,-0.4,0.08,-1.24,1
2016-04-21,0.01,-10837582,0.24,0.16,-0.52,0.98,0
2016-04-22,0.02,9809864,-0.63,-0.05,0,-0.67,1
2016-04-25,-0.01,5145906,0.12,-0.8,-0.18,0.2,1
2016-04-26,0.01,1993060,-0.15,-0.21,0.19,-0.55,0
2016-04-27,0.01,1667182,0.07,-0.15,0.16,1.37,0
2016-04-28,-0.04,-3577070,0.28,-0.51,-0.92,1.01,0
2016-04-29,0,-15118624,-1.17,-1.19,-0.51,-2.73,0
2016-05-03,0.01,-27643849,-0.32,-0.62,-0.09,-2.62,0
2016-05-04,0.01,-45206028,-0.13,-0.25,-0.59,-0.42,0
2016-05-05,-0.01,-25986791,-0.56,-0.79,-0.02,-1.2,0
2016-05-06,0.01,-12341417,0.05,-0.18,0.32,0.3,0
2016-05-09,0.03,-6021259,0.45,0.4,0.08,0.11,1
2016-05-10,0.01,-11062993,-0.2,0.3,1.25,-0.15,0
2016-05-11,-0.02,-8308708,1.26,1.26,-0.96,1.22,0
2016-05-12,0.01,-16318679,-1.21,-1.02,-0.02,-0.31,0
2016-05-13,0,-8085830,0.05,-0.49,-0.85,-1.79,1
2016-05-16,0,-32242407,-1.05,-0.41,0.98,0.39,1
2016-05-17,-0.01,-9275619,1,1.22,-0.94,1.59,1
2016-05-18,0,-7313348,-1.02,-1.25,0.02,-0.69,0
2016-05-19,0,-5423544,-0.02,0.5,-0.37,1.64,1
2016-05-20,-0.03,-7834647,-0.52,-0.56,0.6,-0.71,1
2016-05-23,0,2685749,0.38,1.21,-0.21,3.15,0
2016-05-24,0.01,16291481,-0.05,-0.08,1.37,0.66,1
2016-05-25,0.01,-4998268,1.22,2,0.7,2.42,0
2016-05-26,0.01,11949897,0.82,0.7,-0.02,0.56,1
2016-05-27,0.01,3899200,-0.13,0.14,0.43,0.31,0
2016-05-31,0.05,5843565,0.25,0.65,-0.1,0.6,1
2016-06-01,-0.01,8452611,-0.48,0.29,0.11,0.52,0
2016-06-02,0.02,12347028,0.01,0.08,0.28,0.56,1
2016-06-03,0,6369672,0.27,0.39,-0.29,0.02,1
2016-06-06,0.06,16519179,-0.18,-0.58,0.49,0.31,1
2016-06-07,0.02,11268671,0.64,0.53,0.13,-0.27,1
2016-06-08,-0.01,18384122,0.1,-0.14,0.33,0.97,0
2016-06-13,0.01,18963405,0.37,0.26,-1.89,-0.05,1
2016-06-14,0.05,-7464858,-1.51,-2.54,-0.18,-2.08,1
2016-06-15,-0.02,5130162,-0.33,-0.1,-0.18,0.01,0
2016-06-16,0.01,7162111,-0.2,-0.18,0.31,-0.09,1
2016-06-17,0.1,-8951343,0.53,0.21,-0.33,-0.01,1
2016-06-20,-0.02,7060779,-0.33,-0.92,0.58,-0.82,1
2016-06-21,-0.04,1958452,0.73,0.77,0.27,1.16,1
2016-06-22,-0.09,12211024,0.14,0.14,-0.17,0.33,0
2016-06-23,-0.12,6904423,-0.27,-0.22,1.34,-0.16,0
2016-06-24,0.05,4710210,1.29,1.59,-3.59,2.64,0
2016-06-27,0.06,-30555522,-3.39,-4.12,-1.81,-5.76,1
2016-06-28,0.03,1727865,-1.5,-2.41,1.78,-4.01,1
2016-06-29,0,12286449,1.57,2.12,1.7,2.69,1
2016-06-30,-0.01,13584675,1.64,1.86,1.36,2.05,1
2016-07-01,0.05,22401860,1.33,1.33,0.19,1.81,0
2016-07-05,0.01,21470763,0.11,0.41,-0.68,-0.96,0
2016-07-06,-0.02,1449571,-0.61,-0.82,0.54,-1.82,1
2016-07-07,0.01,-10780579,0.44,0.75,-0.09,0.15,1
2016-07-11,-0.06,3954792,-0.13,0.36,1.87,1.23,1
2016-07-12,0,20223078,1.85,2.29,0.7,3.97,1
2016-07-13,0.04,15495444,0.66,0.69,0.01,1.33,1
2016-07-14,-0.01,-12367151,0.13,-0.34,0.53,0.08,1
2016-07-15,-0.01,5078867,0.73,0.57,-0.09,0.74,1
2016-07-18,0.01,2356559,0.05,-0.09,0.24,-0.08,1
2016-07-19,-0.01,5916983,0.09,0.52,-0.14,1.51,0
2016-07-20,0,9037960,0.14,-0.38,0.43,-0.38,1
2016-07-21,-0.01,12174198,0.19,1.06,-0.36,1.63,0
2016-07-22,0,11262803,-0.42,-0.31,0.46,-0.73,0
2016-07-25,-0.02,4160050,0.29,0.52,-0.3,0.55,1
2016-07-26,-0.01,5221573,-0.42,-0.05,0.03,0.55,1
2016-07-27,0,9438249,-0.1,0.24,-0.12,3.82,1
2016-07-28,0,17289000,-0.01,0.58,0.16,0,0
2016-07-29,0,9934279,-0.09,0.3,0.16,-0.57,1
2016-08-01,0,-1600986,-0.13,0.14,-0.13,-0.49,0
2016-08-02,-0.02,11462335,-0.15,0.43,-0.64,0.16,0
2016-08-03,-0.15,601138,-0.49,-0.9,0.31,-1.6,1
2016-08-04,0.1,-8464865,0.23,0.43,0.02,0.11,1
2016-08-05,0.02,1018510,-0.02,0.13,0.86,0.93,1
2016-08-08,0,10022879,1.04,1.06,-0.09,1.34,1
2016-08-09,0,2068774,-0.08,-0.15,0.04,-0.17,1
2016-08-10,-0.01,4201679,0.02,0.24,-0.29,0.82,0
2016-08-11,0.01,2273690,-0.2,-0.4,0.47,-0.77,1
2016-08-12,-0.01,-8069973,0.64,0.46,-0.08,0.45,0
2016-08-15,0,4815189,-0.2,0.09,0.28,0.46,0
2016-08-16,0,4178372,0.32,0.56,-0.55,1.36,1
2016-08-17,0.02,-7842879,-0.45,-0.66,0.19,-0.74,1
2016-08-18,-0.01,3955611,0.12,0.03,0.22,0,0
2016-08-19,0,2870466,0.13,0.22,-0.14,0.71,0
2016-08-22,0,-2517952,-0.24,-0.03,-0.06,0.87,1
2016-08-23,0.01,-5516414,-0.12,0.12,0.2,0.03,0
2016-08-24,-0.01,2133321,0.1,0.3,-0.52,0.5,1
2016-08-25,-0.01,-278181,-0.35,-0.81,-0.14,-0.87,1
2016-08-26,0,8925589,-0.18,-0.11,-0.16,0.39,0
2016-08-29,0,926188,-0.29,0.13,0.52,0.49,1
2016-08-30,0,-2178574,0.58,0.26,-0.2,0.28,0
2016-08-31,0.01,-6044647,-0.26,-0.18,-0.24,-0.19,0
2016-09-01,-0.01,5488486,-0.29,-0.19,0,-0.07,0
2016-09-02,0,-7402398,0.1,0.27,0.42,0.86,1
2016-09-06,0.01,1549090,0.39,0.43,0.3,-0.17,1
2016-09-07,0.01,6293328,0.25,0.5,-0.01,-0.23,1
2016-09-08,0,7534172,-0.06,0.15,-0.22,-0.73,0
2016-09-09,0.02,1395421,-0.25,-0.46,-2.45,-0.2,0
2016-09-12,0,-8616637,-2.13,-2.54,1.47,-3.66,0
2016-09-13,0,-20255611,1.32,1.68,-1.48,2.03,0
2016-09-14,0,-7991895,-1.41,-1.09,-0.06,-0.92,1
2016-09-19,0,-18655709,-0.18,0.36,0.63,0.9,1
2016-09-20,0,17070686,0.47,1.18,0.03,2.47,1
2016-09-21,0,4616762,0.05,0.12,1.09,-0.49,1
2016-09-22,-0.02,4496939,0.9,1.03,0.65,1.44,1
2016-09-23,0,8592399,0.54,0.84,-0.57,0.35,0
2016-09-26,0.01,6526936,-0.71,-0.63,-0.86,-1.1,1
2016-09-29,0.01,-5526331,-0.91,-0.91,0.23,-0.99,0
2016-09-30,0,14244493,0.27,0.22,0.8,3.26,1
2016-10-03,0.01,-1943357,0.91,0.81,-0.33,1.58,1
2016-10-04,0,5080591,-0.3,-0.21,-0.5,-0.73,0
2016-10-05,0,2747809,-0.47,-0.21,0.43,-0.26,1
2016-10-06,0,2029208,0.62,0.5,0.05,0.77,0
2016-10-07,0,1873730,-0.07,-0.17,-0.33,0.59,0
2016-10-11,0.01,2794967,-0.15,-0.27,-0.79,-0.19,1
2016-10-12,0.04,-2403233,-0.61,-0.86,0.11,-2.59,0
2016-10-13,-0.01,2138036,0.09,-0.15,-0.31,-0.33,0
2016-10-14,0,-11858332,-0.25,-0.49,0.02,-1.18,1
2016-10-17,0,-12104290,0.22,0.02,-0.3,0.79,1
2016-10-18,0,-3428782,-0.29,-0.28,0.62,-0.54,1
2016-10-19,0,-632287,0.42,0.85,0.22,1.21,1
2016-10-20,-0.01,8159003,0.22,0.05,-0.14,-0.47,0
2016-10-21,0,5231705,-0.22,-0.09,-0.01,0.71,1
2016-10-24,0,214007,-0.09,0.3,0.47,-0.27,1
2016-10-25,0,2518706,0.43,1,-0.38,1.87,0
2016-10-26,0,4415882,-0.3,-0.5,-0.17,-0.13,0
2016-10-27,0.04,-4874167,0.17,-0.63,-0.3,-0.17,1
2016-10-28,0.01,-11909965,-0.16,-0.65,-0.31,-0.42,0
2016-10-31,0.01,-1469758,-0.05,-0.5,-0.01,-0.59,0
2016-11-01,0,-4082475,-0.1,-0.02,-0.68,0.57,0
2016-11-02,0.04,995212,-0.58,-0.69,-0.65,-0.9,0
2016-11-03,0.01,-7272794,-0.43,-0.93,-0.44,-0.68,1
2016-11-04,-0.07,-8543046,-0.16,-0.92,-0.17,-0.32,1
2016-11-07,0.03,-5094589,-0.24,-0.24,2.22,-0.63,1
2016-11-08,-0.01,-1955167,2.08,2.37,0.38,2.86,0
2016-11-09,0.01,-497780,0.4,0.53,1.11,0.22,1
2016-11-10,0.01,-28976222,1.4,1.11,0.2,-0.49,0
2016-11-11,-0.01,-1581202,1.17,-0.8,-0.14,-2.12,0
2016-11-14,0,-31504935,0.21,0.54,-0.01,3.86,0
2016-11-15,0,-27782966,0.11,-0.36,0.75,-0.62,1
2016-11-16,0.01,-13565966,0.29,1.1,-0.16,1.9,1
2016-11-17,0.04,-10116244,-0.29,0.36,0.47,1.14,1
2016-11-18,0,-5072829,0.19,0.74,-0.24,1.08,1
2016-11-21,0.01,-8867528,-0.19,-0.23,0.75,0.67,1
2016-11-22,0.01,-6463996,0.47,0.89,0.22,0.73,1
2016-11-23,0.02,5749517,0.35,0.33,0.08,1.05,1
2016-11-25,-0.01,3133232,0.31,-0.11,0.39,0.12,1
2016-11-28,0.01,-973895,0.36,0.34,-0.53,0.19,0
2016-11-29,0.01,424757,-0.28,-0.56,0.13,-0.42,1
2016-11-30,0,-1475626,0.12,0.21,-0.27,-0.23,1
2016-12-01,0.01,-1892022,0.01,-1.05,-0.35,-0.65,0
2016-12-02,0.01,-1742934,0.36,-1.36,0.04,-4.85,0
2016-12-05,0.02,-37379209,-0.11,0.09,0.58,1.3,1
2016-12-06,-0.02,-12445163,0.24,1.01,0.34,1.23,1
2016-12-07,0.01,9406001,0.18,0.45,1.32,1.38,1
2016-12-08,0.01,-3736570,1.55,1.14,0.22,2.12,1
2016-12-09,0,9497158,0.33,0.44,0.59,0.82,0
2016-12-12,0,7070935,0.72,0.5,-0.11,-0.36,1
2016-12-13,0.01,-70773,0.2,-0.59,0.65,-0.79,0
2016-12-14,0,2684859,0.58,0.95,-0.81,1.14,0
2016-12-15,0,5631179,-0.6,-0.5,0.39,-0.14,0
2016-12-16,0,961381,0.3,0.37,-0.18,1.75,0
2016-12-19,0.01,-713998,-0.04,-0.36,0.2,-1,1
2016-12-20,0,-282720,0.2,0.37,0.36,0.98,0
2016-12-21,0.01,-6371466,0.46,0.49,-0.25,0.91,0
2016-12-22,0.04,-11768224,-0.16,-0.23,-0.19,0.04,0
2016-12-23,0.04,-12875769,-0.12,-0.44,0.13,0.52,0
2016-12-27,0.07,-13422477,0.07,0.28,0.22,0.53,1
2016-12-28,0.03,-2102837,0.06,0.45,-0.84,1.22,0
2016-12-29,0.05,4171304,-0.56,-0.89,-0.03,-1.93,1
2016-12-30,0,-3634928,-0.07,-0.12,-0.46,0.01,1
2017-01-03,-0.01,8357664,-0.29,-0.9,0.85,-1.6,1
2017-01-04,0.02,-1230863,0.6,0.85,0.57,0.1,1
2017-01-05,0.1,-4206237,0.3,0.88,-0.08,0.27,1
2017-01-06,-0.13,1563757,-0.21,0.2,0.35,-0.89,0
2017-01-09,-0.1,3726589,0.32,0.6,-0.35,0.77,1
2017-01-10,0,2409437,-0.38,0.19,0,1.09,0
2017-01-11,0.01,2288065,-0.16,0.36,0.28,0.49,1
2017-01-12,-0.13,-7389560,0.5,0.21,-0.21,0.38,0
2017-01-13,0.03,9014103,-0.32,-0.29,0.18,-0.9,1
2017-01-17,0.02,-13834727,-0.03,0.48,-0.3,0.71,0
2017-01-18,0.09,-836484,-0.3,-0.63,0.18,-1.64,0
2017-01-19,-0.03,-2038700,-0.11,0.31,-0.36,1.42,1
2017-01-20,0.03,-2916048,-0.37,-0.28,0.34,-0.47,1
2017-01-23,0,7457539,0.48,0.28,-0.27,1.3,1
2017-01-24,0,20643233,-0.14,-0.04,0.66,-0.67,0
2017-02-02,-0.03,29112189,0.57,0.86,0.03,2.02,1
2017-02-03,0.02,18668297,-0.14,0.63,0.73,1.77,1
2017-02-06,0.01,-1798059,0.94,0.54,-0.21,0.52,1
2017-02-07,0.01,1325606,-0.09,-0.06,0.02,0.35,0
2017-02-08,0.02,-1203360,0.19,0.19,0.07,0.33,1
2017-02-09,0.01,-14623383,-0.18,0.15,0.58,0.16,1
2017-02-10,-0.07,-1380739,0.59,0.58,0.36,-0.86,1
2017-02-13,0.02,-5247146,0.48,0.33,0.52,-0.08,1
2017-02-14,0,377994,0.7,0.52,0.4,0.28,1
2017-02-15,0.01,-831079,0.45,0.32,0.5,-0.32,0
2017-02-16,0,10221935,0.52,0.64,-0.09,0.82,0
2017-02-17,0.02,4288910,0.04,-0.08,0.17,0.07,1
2017-02-21,0.02,4309663,0.02,0.41,0.6,0.57,1
2017-02-22,0.04,15836905,0.58,0.47,-0.11,1.4,0
2017-02-23,0,6833742,0.16,-0.09,0.04,-0.04,0
2017-02-24,0.05,15124671,0.17,-0.43,0.15,-1.64,0
2017-03-01,0,3953468,0.05,0.17,1.21,-0.04,1
2017-03-02,0.03,-2665826,1.41,1,-0.59,1.21,0
2017-03-03,0.03,8851121,-0.53,-0.73,0.05,-1.11,1
2017-03-06,0.02,-7738785,0.01,0.16,-0.33,-0.04,1
2017-03-07,0,-3670411,-0.24,-0.37,-0.29,0.02,1
2017-03-08,-0.03,-2314255,-0.14,-0.26,-0.23,0.27,0
2017-03-09,-0.07,3851747,-0.33,0.06,0.08,0.22,0
2017-03-10,0.04,-5898410,0.01,0.02,0.33,0.15,1
2017-03-13,-0.07,-7845057,0.21,0.39,0.04,1.17,1
2017-03-14,0.01,3690673,-0.1,0.24,-0.34,0.75,0
2017-03-15,0,5297291,-0.21,-0.32,0.84,-0.31,1
2017-03-16,0.01,1346859,0.54,0.74,-0.16,0.84,1
2017-03-17,-0.06,18844851,-0.07,0.01,-0.13,-0.18,1
2017-03-20,-0.09,14310280,-0.1,0,-0.2,0.18,1
2017-03-21,0.02,4142107,-0.04,0.01,-1.24,0.77,0
2017-03-22,0.07,16985051,-1.14,-1.82,0.19,-2.36,1
2017-03-23,-0.07,1802123,-0.03,0.48,-0.11,1.1,0
2017-03-24,-0.01,1762141,-0.02,-0.07,-0.08,-0.25,0
2017-03-27,-0.09,2536161,-0.29,0.19,-0.1,0.75,0
2017-03-28,0.08,12364790,-0.22,0.2,0.73,0.16,0
2017-03-29,0,19044012,0.73,0.6,0.11,0.3,0
2017-03-30,0,7995128,-0.2,0.38,0.29,-0.25,0
2017-03-31,0,14211605,0.33,0.28,-0.23,0.53,1
2017-04-05,0.04,2411315,-0.31,-0.04,-0.41,-0.04,0
2017-04-06,-0.01,15404507,-0.07,-0.8,0.19,-1.77,0
2017-04-07,0.05,2619566,0.07,0.25,-0.08,0.12,1
2017-04-10,0,-2394145,-0.03,-0.02,0.07,0.47,0
2017-04-11,0,-2387829,0.01,0.05,-0.14,-0.77,0
2017-04-12,0.01,-736958,-0.03,-0.24,-0.38,-0.83,1
2017-04-13,-0.01,831866,-0.29,-0.52,-0.68,-1.71,0
2017-04-17,-0.03,939253,-0.67,-0.53,0.86,-0.68,1
2017-04-18,0.01,-10612000,0.9,0.89,-0.29,1.31,0
2017-04-19,0.01,-4079949,-0.55,-0.12,-0.17,0.42,0
2017-04-20,0.01,-16442944,-0.58,0.23,0.76,0.55,1
2017-04-21,0.02,-3082308,0.85,0.92,-0.3,1.58,1
2017-04-24,0.01,3754547,-0.15,-0.11,1.08,-0.46,1
2017-04-25,0,8243998,1.05,1.24,0.61,1.5,1
2017-04-26,0.01,11993655,1.12,0.7,-0.05,0.99,1
2017-04-27,0.02,12898232,-0.1,0,0.06,-0.85,1
2017-04-28,0.04,6597282,0.03,0.39,-0.19,1.4,1
2017-05-02,0,15535107,-0.19,-0.02,0.29,-1.74,1
2017-05-03,0.02,17792360,0.04,0.79,-0.13,-0.09,1
2017-05-04,0.03,15866367,0.04,-0.37,0.06,0.34,0
2017-05-05,0.02,5434337,-0.03,0.05,0.41,-0.12,1
2017-05-08,-0.01,107049,0.26,0.42,0,0.42,0
2017-05-09,0.07,9721386,0.03,0.03,-0.1,-0.38,1
2017-05-10,0.02,4425448,-0.17,0.29,0.11,1.03,1
2017-05-11,0.03,3155973,-0.16,0.14,-0.22,2.11,0
2017-05-12,0.04,11178796,-0.11,-0.22,-0.15,0.34,1
2017-05-15,-0.07,181730,-0.11,0.09,0.48,0.27,0
2017-05-16,-0.04,-1225213,0.41,0.46,-0.07,1.51,0
2017-05-17,0.01,1904384,-0.01,0.33,-1.82,1.49,0
2017-05-18,0.04,1253184,-1.78,-2.57,0.37,-4.37,0
2017-05-19,0.04,-799092,0.27,0.73,0.68,1.89,1
2017-05-22,0.04,2566575,0.69,0.47,0.52,1.09,1
2017-05-23,0.04,2484604,0.43,0.82,0.18,1.09,1
2017-05-24,0.07,3688788,0.21,0.08,0.25,-0.41,1
2017-05-25,0.08,63795,0.36,0.4,0.44,0.65,0
2017-05-26,-0.06,6977537,0.34,0.69,0.03,0.55,0
2017-05-31,-0.03,1609425,-0.01,0.08,-0.17,0.38,1
2017-06-01,0.05,-7018977,-0.34,-0.19,0.76,0.61,1
2017-06-02,0.05,5239234,0.65,0.78,0.37,0.1,1
2017-06-05,0.03,8547882,0.29,0.94,-0.12,0.99,0
2017-06-06,0.07,8069838,-0.1,-0.16,-0.28,0.26,1
2017-06-07,0.06,1319000,-0.23,-0.33,0.16,0.35,1
2017-06-08,-0.06,5522800,0.18,0.36,0.03,0.74,0
2017-06-09,0.04,7937825,0.04,0.39,-0.08,1.78,0
2017-06-12,0,-3597362,0.42,-1.8,-0.1,-4.23,1
2017-06-13,-0.11,-35525695,-0.17,-0.52,0.45,-0.51,0
2017-06-14,0.02,-19554433,0.44,0.73,-0.1,0.64,1
2017-06-15,-0.09,-15344540,0.22,-0.41,-0.22,-1.06,1
2017-06-16,-0.01,469894,-0.07,-0.47,0.03,-0.84,1
2017-06-19,0.03,1047474,0.11,-0.22,0.83,-0.33,1
2017-06-20,0.03,269399,0.68,1.42,-0.67,1.94,1
2017-06-21,0.05,-3006573,-0.29,-0.82,-0.06,-1.2,1
2017-06-22,-0.03,-3504278,-0.27,0.74,-0.05,1.17,0
2017-06-23,0.02,4095160,-0.06,0.04,0.16,-0.23,1
2017-06-26,0,-7320545,-0.01,0.46,0.03,0.32,0
2017-06-27,-0.04,7345551,0.07,-0.29,-0.81,-0.97,0
2017-06-28,0.06,-12517142,-0.46,-1.61,0.88,-2.71,1
2017-06-29,0,-14046610,0.68,1.43,-0.86,1.77,0
2017-06-30,-0.01,-2353190,-0.78,-1.44,0.15,-2.51,1
2017-07-03,-0.03,-5732980,0.29,-0.06,0.23,-0.53,1
2017-07-05,0.01,473904,0.61,-0.49,0.15,-1.39,0
2017-07-06,0,-6086805,-0.01,0.67,-0.94,2.08,0
2017-07-07,-0.01,-6074703,-0.74,-1,0.64,-0.45,0
2017-07-10,-0.04,-10927643,0.44,1.04,0.09,1.72,1
2017-07-11,-0.07,-5577353,-0.03,0.38,-0.08,1.16,1
2017-07-12,-0.01,5704322,0,0.27,0.73,0.78,1
2017-07-13,0.03,-8662333,0.57,1.1,0.19,1.62,0
2017-07-14,-0.02,4038586,0.1,0.21,0.47,-0.25,1
2017-07-17,-0.05,-5284446,0.39,0.61,-0.01,1.3,1
2017-07-18,0.17,1815962,-0.04,0.03,0.06,-0.43,1
2017-07-19,0.04,2226481,-0.25,0.47,0.54,0.35,0
2017-07-20,-0.02,1027311,0.31,0.64,-0.02,0.89,0
2017-07-21,0.26,1303759,-0.13,0.08,-0.04,0.31,1
2017-07-24,-0.07,-4854731,-0.15,-0.04,-0.11,-0.81,1
2017-07-25,0,-4025441,-0.31,0.36,0.29,-0.41,0
2017-07-26,-0.07,-3932550,0.47,0.02,0.03,-0.04,1
2017-07-27,-0.01,-4554793,0.45,0.16,-0.1,1.16,0
2017-07-28,0.05,7686414,0.39,-0.63,-0.13,-1.62,1
2017-07-31,0.04,-10175670,0.15,-0.12,-0.07,-0.39,1
2017-08-01,0.04,-2528611,0.28,-0.42,0.24,-0.72,1
2017-08-02,-0.05,-4685830,0.33,0.23,0.05,0.55,0
2017-08-03,-0.01,9875982,0.24,0,-0.22,-0.66,1
2017-08-04,0.03,-10562717,0.04,-0.35,0.19,-0.48,1
2017-08-07,0.02,-11260843,0.3,0.18,0.16,0.06,0
2017-08-08,0.05,85885,0.12,0.51,-0.24,1.74,0
2017-08-09,0.01,2416639,-0.15,-0.21,-0.04,-0.41,0
2017-08-10,-0.02,-14551024,-0.17,-0.28,-1.45,-0.3,0
2017-08-11,0.02,-11585037,-0.93,-2.13,0.13,-2.79,0
2017-08-14,0.07,-26436776,0.07,0.64,1,0.58,1
2017-08-15,0.07,-10265304,0.62,1.34,-0.05,2.58,0
2017-08-16,-0.04,-1415655,0.02,-0.11,0.14,0.25,1
2017-08-17,0.05,-4104362,0.12,0.19,-1.54,0.15,0
2017-08-18,-0.02,2070970,-1.24,-1.94,-0.18,-2.58,1
2017-08-21,-0.04,-5661641,-0.35,-0.09,0.12,0.2,1
2017-08-22,-0.02,-4875917,0.13,-0.05,0.99,-0.69,1
2017-08-23,0.02,4722413,0.9,1.36,-0.35,1.61,1
2017-08-24,0.01,1742833,-0.4,-0.3,-0.21,0.44,1
2017-08-25,0.04,6903145,-0.13,-0.11,0.17,-0.04,1
2017-08-28,0.01,5906400,0.14,-0.09,0.05,-0.5,0
2017-08-29,0.01,1368790,-0.02,0.28,0.08,0.2,1
2017-08-30,0.05,1056488,0.26,0.3,0.46,0.21,1
2017-08-31,0,7855491,0.12,1.05,0.57,1.74,1
2017-09-01,0.03,1120629,0.25,0.95,0.2,0.96,1
2017-09-05,0.04,-737476,0.18,0.1,-0.76,0.45,0
2017-09-06,0.03,-1240232,-1.07,-0.93,0.31,-1.4,0
2017-09-07,0.05,-2430369,0.25,0.28,-0.02,0.19,1
2017-09-08,0,-3964000,-0.1,0.07,-0.15,0.14,0
2017-09-11,-0.07,2395809,0.06,-0.59,1.08,-1.25,1
2017-09-12,-0.01,-394084,1.19,1.13,0.34,2.01,0
2017-09-13,-0.01,8120845,0.28,0.34,0.08,0.42,1
2017-09-14,-0.07,-2440471,0.18,0.09,-0.11,0.16,1
2017-09-15,-0.16,4023181,0.2,-0.48,0.18,0.48,1
2017-09-18,0.15,-4408577,0.29,0.3,0.15,1.71,0
2017-09-19,0.11,6255273,0.28,0.1,0.11,1.24,0
2017-09-20,-0.05,4417733,0.18,0.1,0.06,0.35,1
2017-09-21,-0.01,1432737,0.19,-0.08,-0.3,-1.41,0
2017-09-22,-0.07,241881,-0.24,-0.52,0.06,-0.41,0
2017-09-25,0,-823610,-0.04,0.07,-0.22,0.5,0
2017-09-26,0.07,-3990079,-0.24,-0.88,0.01,-1.97,1
2017-09-27,-0.01,-7290260,-0.05,0.15,0.41,-0.05,0
2017-09-28,0.08,-2703020,0.25,1.15,0.12,2.36,1
2017-09-29,0,-9079697,0.18,0,0.37,0.75,1
2017-10-02,-0.01,7042733,0.11,0.66,0.39,0.87,1
2017-10-03,0,6766540,0.68,0.32,0.22,0.6,1
2017-10-05,-0.02,2342870,0.37,0.23,0.69,0.31,1
2017-10-06,0.02,3960469,0.59,0.82,-0.11,0.31,1
2017-10-11,0.01,1551334,-0.01,0.07,0.23,0.45,1
2017-10-12,0.01,13855303,0.44,0.2,-0.17,1.99,1
2017-10-13,0.13,14537846,-0.14,-0.18,0.09,-0.34,1
2017-10-16,0.04,3061482,0.13,0.22,0.18,0.67,0
2017-10-17,0.01,2429765,0.37,0.28,0.07,0.47,0
2017-10-18,-0.03,-2310091,0.18,-0.01,0.07,-0.07,1
2017-10-19,0,6314667,0.7,0.01,0.03,0.33,0
2017-10-20,0.02,4191077,0.02,-0.29,0.51,-0.25,1
2017-10-23,0.05,1419297,0.71,0.36,-0.4,0.51,1
2017-10-24,-0.01,3344768,-0.23,-0.64,0.16,0.47,1
2017-10-25,-0.07,-917263,0.72,0.18,-0.47,0.67,0
2017-10-26,0.04,1613606,-0.48,-0.52,0.13,-1.29,0
2017-10-27,0.03,-2221175,0.31,-0.11,0.81,0.63,1
2017-10-30,-0.02,6627770,0.14,2.2,-0.32,2.14,1
2017-10-31,0,4298046,-0.36,-0.03,0.09,0.19,1
2017-11-01,0.05,-1768253,0.12,0.43,0.16,0.77,0
2017-11-02,0.04,-3621254,0.25,-0.17,0.02,-0.32,1
2017-11-03,0.04,-1056203,0.35,-0.02,0.31,0.46,0
2017-11-06,0.02,-4062037,0.1,0.74,0.13,1.77,1
2017-11-07,-0.06,-253182,0.04,0.33,-0.02,1.34,0
2017-11-08,0.02,9891381,0.04,-0.27,0.14,-0.06,0
2017-11-09,0.05,-2735213,0.03,0.32,-0.38,0.35,0
2017-11-10,-0.04,-1651714,-0.43,-0.58,-0.09,-2,0
2017-11-13,-0.08,-209071,-0.17,0.01,0.1,0.65,1
2017-11-14,0.11,-1434384,0.07,0.1,-0.23,0.27,0
2017-11-15,0.01,-1727296,-0.13,-0.29,-0.55,-0.12,0
2017-11-16,0.1,-10512528,-0.59,-0.47,0.82,-0.9,1
2017-11-17,0.08,4859156,0.8,1.3,-0.26,1.54,0
2017-11-20,-0.02,5104421,-0.43,-0.15,0.13,-0.47,1
2017-11-21,0.03,-2322382,0.31,0.12,0.65,1.22,1
2017-11-22,-0.02,3503986,0.69,1.06,-0.08,1.14,0
2017-11-24,0.02,2568430,-0.27,0.07,0.21,-0.66,0
2017-11-27,0.02,2191613,0.14,0.32,-0.04,0.95,0
2017-11-28,0.04,-17798500,0.1,-0.15,0.98,-1.31,1
2017-11-29,0.02,-23505374,1.09,0.49,-0.04,-0.08,0
2017-11-30,-0.01,-9833846,0.44,-1.27,0.82,-4.39,1
2017-12-01,0.01,-40475218,1.39,0.73,-0.2,0.6,1
2017-12-04,0.09,-9985026,-0.17,-0.38,-0.11,-1.09,0
2017-12-05,0.03,-2399103,0.24,-1.05,-0.37,-2.45,0
2017-12-06,0,-13398914,-0.45,-0.19,-0.01,0.05,0
2017-12-07,0.18,-16336078,-0.16,0.21,0.29,0.31,1
2017-12-08,0.23,-15730601,0.29,0.54,0.55,0.99,1
2017-12-11,-0.05,-11711602,0.49,0.4,0.32,-0.5,0
2017-12-12,0.11,-2931224,0.23,0.51,0.15,0.59,1
2017-12-13,0.02,-6369605,0.49,-0.19,-0.05,-1,1
2017-12-14,-0.05,-3492457,0.33,0.2,-0.41,-0.01,0
2017-12-15,0.01,3290680,-0.31,-0.28,0.9,-0.05,1
2017-12-18,0.07,-3362764,0.58,1.17,0.54,1.5,0
2017-12-19,0,-5413302,0.57,0.84,-0.32,2.16,1
2017-12-20,-0.08,-9442087,-0.15,-0.44,-0.08,-0.11,0
2017-12-21,-0.06,-12903476,-0.11,-0.04,0.2,0.7,1
2017-12-22,-0.05,-5040827,0.23,0.06,-0.05,-1.06,0
2017-12-26,-0.13,492223,-0.11,-0.08,-0.11,-0.05,1
2017-12-27,0.14,-2376080,-0.03,-0.34,0.08,-0.97,1
2017-12-28,-0.02,-4364309,0.11,0.04,0.18,0.36,1
2017-12-29,-0.07,1155802,0.26,0.16,-0.52,0.23,1
2018-01-02,0,7015407,-0.48,-0.67,0.83,-1.05,1
2018-01-03,0.1,10174424,0.42,1.5,0.64,2.77,1
2018-01-04,0.03,10220833,0.4,0.84,0.4,1.72,1
2018-01-05,0,10947244,0.61,0.18,0.7,0.56,1
2018-01-08,0.12,9309675,0.88,0.83,0.17,0.64,0
2018-01-09,-0.08,10465239,-0.05,0.29,0.13,0.74,0
2018-01-10,-0.01,1941206,0.41,0.09,-0.11,-0.97,0
2018-01-11,0.02,-805474,-0.07,-0.14,0.7,-1.24,1
2018-01-12,-0.1,-6993284,0.81,0.81,0.67,0.62,1
2018-01-16,0.03,-3475903,0.89,0.68,-0.35,0.59,1
2018-01-17,-0.17,4574258,-0.04,-0.51,0.94,0.29,1
2018-01-18,-0.01,17629215,1.25,1.03,-0.16,2.89,1
2018-01-19,0,25952979,-0.37,-0.03,0.44,0.46,1
2018-01-22,0.03,21473986,0.21,0.55,0.81,0.11,1
2018-01-23,-0.06,1612886,0.55,0.98,0.22,0.76,0
2018-01-24,0,12617736,-0.01,0.71,-0.06,0.76,1
2018-01-25,0.05,401178,0.16,-0.61,0.06,-2.31,0
2018-01-26,-0.02,5165118,0.54,-0.05,1.18,-1.69,1
2018-01-29,-0.01,1413436,0.85,1.28,-0.67,3.26,0
2018-01-30,-0.05,4868801,-0.67,-0.52,-1.09,-0.21,1
2018-01-31,-0.1,-1128849,-1.37,-0.86,0.05,-2.03,1
2018-02-01,0.01,3523442,0.28,0.12,-0.06,0.82,0
2018-02-02,-0.11,-4425839,0.14,-0.35,-2.12,-0.47,0
2018-02-05,-0.03,-7332993,-2.54,-1.96,-4.1,-2.74,0
2018-02-06,-0.16,-21037541,-4.6,-3.78,1.74,-4.72,1
2018-02-07,0.11,-36432676,2.33,2.13,-0.5,3.65,0
2018-02-08,-0.01,-25374554,-0.08,-0.9,-3.75,-2.24,0
2018-02-09,0.08,-8312388,-4.15,-3.9,1.49,-4.23,1
2018-02-12,0.07,-27412270,1.38,1.44,1.39,3.05,1
2018-02-21,0.1,-6244178,1.7,1.56,1.71,1.86,0
2018-02-22,-0.07,5643057,0.8,3.38,0.1,3.61,1
2018-02-23,-0.06,-950170,0.66,-0.11,1.6,-0.25,1
2018-02-26,0.03,8081829,1.39,1.77,1.18,2.19,0
2018-02-27,0.07,9850382,1.58,1.15,-1.27,2.16,0
2018-03-01,0.03,-474986,-1.16,-1.23,-2.43,-0.4,0
2018-03-02,0.06,1425885,-3.15,-2.04,0.51,-2.52,0
2018-03-05,-0.01,-15320243,-0.29,1.08,1.1,1.76,1
2018-03-06,-0.01,-1162780,1.37,1,0.26,0.89,0
2018-03-07,-0.06,14396222,0.04,0.56,-0.05,1.5,1
2018-03-08,-0.07,-3278514,-0.33,0.33,0.45,0.29,1
2018-03-09,-0.06,2662371,0.38,0.42,1.74,0.11,1
2018-03-12,-0.01,-4795219,1.77,1.79,-0.13,2.08,1
2018-03-13,-0.04,3825449,-0.62,0.36,-0.64,1.03,0
2018-03-14,0,11930002,-0.68,-1.02,-0.57,-1.55,0
2018-03-15,-0.1,-6207186,-1,-0.19,-0.08,0,1
2018-03-16,0.01,-2200167,0.47,-0.2,0.17,-0.1,1
2018-03-19,0,1367741,0.29,0,-1.42,0.03,0
2018-03-20,0.05,6045185,-1.35,-1.84,0.15,-1.95,1
2018-03-21,0.03,3942754,0.47,0.27,-0.18,0.77,0
2018-03-22,0,-60150,-0.18,-0.26,-2.52,0.18,0
2018-03-23,-0.02,1471221,-2.93,-2.43,-2.1,-2.77,1
2018-03-26,0.02,-2643619,-1.77,-2.43,2.72,-3.29,1
2018-03-27,-0.04,-16985169,2.84,3.26,-1.73,4.24,0
2018-03-28,-0.04,2964637,-1.43,-2.93,-0.29,-3.78,0
2018-03-29,0.02,-8413444,-0.04,-0.85,1.38,-2.12,0
2018-04-02,-0.1,-13194584,1.07,1.64,-2.23,2.24,0
2018-04-03,0.04,-3113637,-1.9,-2.74,1.26,-3.9,1
2018-04-09,0.05,-11061947,1.65,1.04,-0.05,1.96,1
2018-04-10,-0.04,1561526,-0.23,0.13,1.67,-2.17,1
2018-04-11,0.01,-1030011,1.79,2.07,-0.55,3.2,0
2018-04-12,0.02,-881681,-0.9,-0.36,0.83,0.04,1
2018-04-13,0.14,-7602550,1.21,1.01,-0.29,1.87,0
2018-04-16,0,-4045973,-0.5,-0.47,0.81,-0.77,0
2018-04-17,-0.04,-5590443,0.87,0.7,1.07,0.23,1
2018-04-18,-0.02,-12150742,0.87,1.74,0.08,1.89,1
2018-04-19,0.03,-4893748,-0.16,0.19,-0.57,-1.03,0
2018-04-20,0.01,7961398,-0.34,-0.78,-0.85,-4.31,0
2018-04-23,0.07,-71320867,-0.82,-1.27,0.01,-1.17,0
2018-04-24,0.02,-43052500,-0.06,-0.25,-1.34,-1.33,0
2018-04-25,0.08,-14673689,-1.74,-1.7,0.18,-0.82,0
2018-04-26,-0.08,-18168051,0.25,-0.05,1.04,-0.12,1
2018-04-27,0.05,-14797831,0.99,1.64,0.11,2.09,1
2018-04-30,-0.04,-4651438,-0.05,0.02,-0.82,-0.8,0
2018-05-02,-0.02,-1498773,-0.61,-0.75,-0.47,-1.09,0
2018-05-03,0.02,-11403194,-0.99,0.49,-0.23,1.21,1
2018-05-04,0.05,-10972882,0.02,-0.18,1.28,0.64,1
2018-05-07,0,332420,1.39,1.71,0.35,2.31,1
2018-05-08,-0.02,-8323042,0.39,0.77,-0.03,0.91,1
2018-05-09,-0.02,-5910659,0.01,0.02,0.97,0.73,1
2018-05-10,0.01,-1618238,0.75,1,0.94,1.42,1
2018-05-11,-0.03,-6919310,0.8,0.89,0.17,1.8,1
2018-05-14,-0.07,2280329,0.37,-0.03,0.09,-0.75,0
2018-05-15,0,-3369539,0.27,0.11,-0.68,1.26,1
2018-05-16,-0.02,-6146051,-0.78,-0.81,0.41,-1.2,0
2018-05-17,-0.02,204028,0.25,0.63,-0.09,1.41,0
2018-05-18,-0.03,-3771694,-0.22,-0.21,-0.26,-0.38,1
2018-05-21,0.02,-4695277,0,-0.38,0.74,-1.44,0
2018-05-22,-0.01,2731647,1.21,0.54,-0.31,1.05,0
2018-05-23,-0.05,4889060,-0.72,-0.21,0.32,0.56,1
2018-05-24,-0.06,2469953,0.21,0.64,-0.2,0.51,1
2018-05-25,0.01,-469223,-0.3,-0.02,-0.24,0.35,0
2018-05-29,-0.02,-2020684,-0.24,0.13,-1.16,0.88,0
2018-05-30,0.05,-11606441,-1.58,-0.5,1.27,-0.71,1
2018-05-31,-0.01,-15280840,1.26,0.89,-0.69,0.65,1
2018-06-01,0.01,-1793778,-1.02,-0.27,1.08,-0.78,1
2018-06-04,0,413497,0.9,1.51,0.45,2.34,0
2018-06-05,-0.03,3846118,0.72,0.69,0.07,0.8,1
2018-06-06,0.02,443327,-0.06,0.41,0.86,0.41,1
2018-06-07,0,2539829,1.4,0.67,-0.07,0.66,0
2018-06-08,0,1283431,0.38,-0.7,0.31,-0.95,0
2018-06-11,-0.01,-5274486,0.3,0.14,0.11,-0.85,0
2018-06-12,0.02,-3208173,0.02,0.19,0.17,-0.23,1
2018-06-13,-0.05,-2287478,-0.01,0.57,-0.4,0.52,0
2018-06-14,-0.04,6517244,-0.47,-0.11,0.25,-0.13,1
2018-06-15,0.05,-12416004,-0.1,0.85,-0.1,0.61,0
2018-06-19,-0.04,-9316438,-0.34,-0.19,-0.61,-0.08,1
2018-06-20,0,-22704885,-1.56,-0.27,0.17,-2.14,1
2018-06-21,0,-7657935,-0.17,0.72,-0.63,0.5,0
2018-06-22,-0.01,-15769027,-0.8,-0.88,0.19,-1.26,0
2018-06-25,-0.1,-6604988,0.49,-0.26,-1.37,-0.72,0
2018-06-26,0.02,-16116129,-1.33,-2.09,0.22,-3.13,0
2018-06-27,-0.03,-13533346,0.12,0.39,-0.86,0.4,0
2018-06-28,0.01,-4869959,-0.68,-1.54,0.62,-2.47,1
2018-06-29,-0.04,-4688313,0.41,0.79,0.08,0.86,0
2018-07-02,0.06,726530,0.23,0.09,0.31,0.16,0
2018-07-03,0.04,-981599,0.15,0.76,-0.49,0.62,0
2018-07-05,-0.02,-143243,-0.54,-0.86,0.86,-1.82,0
2018-07-06,-0.01,-3392343,0.75,1.12,0.85,2.72,1
2018-07-09,0.01,-2803194,0.41,1.34,0.88,1.22,1
2018-07-10,-0.01,12181197,1.31,0.88,0.35,0.66,0
2018-07-11,-0.05,47284,0.58,0.04,-0.71,1.05,1
2018-07-12,0.01,-4581350,-0.88,-0.55,0.87,-2.59,1
2018-07-13,-0.02,-1996274,0.91,1.39,0.11,0.71,0
2018-07-16,0,3513727,0.38,0.03,-0.1,-0.4,0
2018-07-17,0.06,-2875223,0.18,-0.26,0.4,-0.12,1
2018-07-18,0.09,-142386,0.22,0.63,0.22,1.47,0
2018-07-19,0.01,3711460,0.32,-0.01,-0.4,0.77,1
2018-07-20,0.01,9096415,-0.53,-0.37,-0.09,-0.27,1
2018-07-23,-0.02,39817800,-0.03,-0.07,0.18,-0.49,1
2018-07-24,0.04,16437551,-0.06,0.28,0.48,0.16,0
2018-07-25,0.09,-8506,0.79,-0.01,0.91,-1.09,1
2018-07-26,-0.03,1617771,0.68,1.17,-0.3,0.49,1
2018-07-27,-0.03,-934853,0.44,-1.01,-0.66,1.87,0
2018-07-30,0.03,9923148,-0.3,-1.46,-0.58,-0.45,1
2018-07-31,0,5315537,-0.57,-1.39,0.49,-1,1
2018-08-01,-0.05,292306,0.43,0.55,-0.1,0.66,0
2018-08-02,-0.02,4439923,-0.32,0.46,0.49,-0.17,1
2018-08-03,-0.01,896377,-0.03,1.24,0.46,1.01,1
2018-08-06,-0.02,3380334,0.54,0.12,0.35,0.2,0
2018-08-07,-0.01,-4141701,0.16,0.61,0.28,0.55,1
2018-08-08,-0.03,-4851989,0.5,0.31,-0.03,0.78,0
2018-08-09,-0.07,10505346,-0.18,0.06,-0.14,0.27,0
2018-08-10,0.04,3660957,-0.29,0.04,-0.71,-1.05,0
2018-08-13,-0.06,-198941,-0.77,-0.67,-0.4,-2.47,1
2018-08-14,-0.01,-6135133,-0.5,-0.25,0.64,0.14,0
2018-08-15,-0.01,719601,0.45,0.65,-0.76,-0.19,0
2018-08-16,0.01,216039,-0.54,-1.23,0.79,-1.43,1
2018-08-17,0.01,-1662044,1.58,0.42,0.33,-0.13,1
2018-08-20,0.04,494826,0.43,0.13,0.24,-0.73,1
2018-08-21,-0.03,341189,0.35,0.06,0.21,-0.1,1
2018-08-22,0.03,-1805390,0.25,0.49,-0.04,1.98,1
2018-08-23,-0.02,-1595630,-0.34,0.38,-0.17,0.46,0
2018-08-24,0.03,3772807,-0.3,-0.13,0.62,0.12,1
2018-08-27,0.02,-1286979,0.52,0.86,0.77,1.46,1
2018-08-28,0.03,7178307,1.01,0.91,0.03,1.57,1
2018-08-29,0.03,17852452,0.06,0.15,0.57,0.39,0
2018-08-30,-0.01,27447483,0.23,0.99,-0.44,0.24,0
2018-08-31,0,16816364,-0.53,-0.26,0.01,-0.94,1
2018-09-04,0.01,-1064865,-0.09,0.26,-0.17,0.58,0
2018-09-05,0.02,1497605,-0.05,-0.23,-0.28,0.69,0
2018-09-06,-0.09,8202719,0.09,-1.19,-0.37,-0.5,0
2018-09-07,-0.03,1920635,0.08,-0.91,-0.22,-2.67,0
2018-09-10,-0.02,10545649,-0.31,-0.25,0.19,-0.41,1
2018-09-11,0.01,12650292,-0.23,0.27,0.37,1.1,0
2018-09-12,0,2597201,0.44,0.61,0.04,-1.01,1
2018-09-13,0.01,8876376,0.11,-0.23,0.53,-1.17,1
2018-09-14,0.02,-4852499,0.57,0.75,0.03,1.2,0
2018-09-17,0,12956134,0.03,-0.05,-0.56,1.11,0
2018-09-18,-0.04,4143796,-0.35,-1.43,0.54,-1.44,1
2018-09-19,0.01,6078017,0.71,0.76,0.13,0.84,0
2018-09-20,0.01,18703302,0.61,-0.08,0.78,0.21,1
2018-09-21,0.02,13953220,0.95,0.98,-0.04,1.17,1
2018-09-25,0.04,6420150,0.32,-0.51,-0.48,-0.33,0
2018-09-26,-0.02,5568305,-0.94,0.26,-0.33,-1.32,1
2018-09-27,0,495628,-0.4,-0.21,0.28,-0.95,0
2018-09-28,0.03,14126088,0.21,0.65,0,0.45,1
2018-10-01,-0.01,-285782,0.07,0.05,0.36,0.65,0
2018-10-02,0,-2403453,0.73,-0.11,-0.04,0.27,0
2018-10-03,-0.01,-20623473,0.46,-0.47,0.07,0.03,0
2018-10-04,-0.01,1973164,0.2,0.32,-0.82,0.11,0
2018-10-05,0.01,-15884163,-0.75,-1.81,-0.55,-1.84,0
2018-10-08,0.01,-9797216,-0.68,-1.16,-0.04,-2.32,1
2018-10-09,0.01,-23217282,0.15,-0.67,-0.14,-1.13,0
2018-10-11,0,-7900154,-0.21,0.03,-5.28,-0.07,1
2018-10-12,-0.06,-38279082,-5.21,-5.29,1.42,-5.44,0
2018-10-15,0.01,-3044687,1.15,2.29,-0.59,1.97,1
2018-10-16,0.06,-22174946,-0.35,-0.88,2.15,-0.94,0
2018-10-17,0,-3772115,2.17,2.89,-0.03,3.31,0
2018-10-18,0,-3568061,-0.36,-0.04,-1.44,-0.44,0
2018-10-19,-0.02,-2734402,-1.27,-2.06,-0.04,-2.51,1
2018-10-22,-0.01,-6345847,0.26,-0.48,-0.43,-1.55,0
2018-10-23,0,-5052814,-0.5,0.26,-0.55,0.67,0
2018-10-24,0,-11056262,-0.5,-0.42,-3.09,-0.53,0
2018-10-25,0,-18024638,-2.41,-4.43,1.86,-6.61,0
2018-10-26,0,-29603319,1.63,2.95,-1.73,2.34,1
2018-10-29,0,2470775,-1.19,-2.07,-0.66,-1.72,1
2018-10-30,-0.02,308827,-0.99,-1.63,1.57,-1.11,1
2018-10-31,0,609084,1.77,1.58,1.09,4.16,1
2018-11-01,0.01,8777828,0.97,2.01,1.06,1.24,1
2018-11-02,0.01,2771568,1.06,1.75,-0.63,4.64,0
2018-11-05,0,-805649,-0.43,-1.04,0.56,-1.5,0
2018-11-06,0,121011,0.76,-0.38,0.63,-0.85,1
2018-11-07,0.01,-1270783,0.68,0.64,2.12,1.14,1
2018-11-08,0.01,-3458981,2.13,2.64,-0.25,1.19,0
2018-11-09,-0.01,8567088,0.04,-0.53,-0.92,-0.42,1
2018-11-12,-0.01,-3108747,-0.77,-1.65,-1.97,-1.85,0
2018-11-13,0,1359606,-2.32,-2.78,-0.15,-4.44,1
2018-11-14,0,-5927011,-0.4,0,-0.76,1.35,1
2018-11-15,-0.09,-1220907,-0.81,-0.9,1.06,0.36,0
2018-11-16,-0.02,809386,0.83,1.72,0.22,3.34,1
2018-11-19,-0.01,-15564385,0.49,-0.15,-1.66,-1.17,0
2018-11-20,-0.14,-10787598,-1.56,-3.03,-1.82,-3.86,0
2018-11-21,-0.07,-15577469,-2.21,-1.7,0.3,0.15,0
2018-11-23,0.03,-4926310,0,0.92,-0.66,0.42,1
2018-11-26,0.01,476889,-0.73,-0.48,1.55,-0.04,1
2018-11-27,-0.06,5266074,1.46,2.06,0.33,1.91,1
2018-11-28,0.01,-3104948,0.44,0.01,2.3,0.2,1
2018-11-29,0.1,2823722,2.5,2.95,-0.22,2.27,1
2018-11-30,0.01,4416653,-0.11,-0.25,0.82,-0.81,1
2018-12-03,-0.06,-5152088,0.79,0.79,1.09,1.49,0
2018-12-04,-0.06,9360323,1.13,1.51,-3.24,2.67,0
2018-12-06,0.02,-446652,-3.1,-3.8,-0.15,-4.98,1
2018-12-07,-0.07,-13408660,-0.32,0.42,-2.33,-0.54,0
2018-12-10,-0.02,-1589522,-2.24,-3.05,0.18,-3.74,1
2018-12-11,-0.03,-4925172,0.14,0.74,-0.04,1.41,1
2018-12-12,-0.02,87061,-0.22,0.16,0.54,0.62,1
2018-12-13,0.02,-1528701,0.64,0.95,-0.02,1.47,0
2018-12-14,-0.04,-653374,0.29,-0.39,-1.91,-0.36,1
2018-12-17,-0.02,-8455416,-2.02,-2.26,-2.08,-1.42,0
2018-12-18,0.09,2968828,-2.11,-2.27,0.01,-1.28,1
2018-12-19,0.04,-1827656,0.35,0.45,-1.54,1.28,0
2018-12-20,0.01,2934985,-1.49,-2.17,-1.58,-4.24,1
2018-12-21,0.11,-10446531,-1.99,-1.63,-2.06,-0.86,0
2018-12-24,-0.06,-1881703,-1.81,-2.99,-2.71,-1.47,0
2018-12-26,0.02,-7483900,-2.91,-2.21,4.96,-2.9,1
2018-12-27,0.01,-1318000,4.98,5.84,0.86,5.77,1
2018-12-28,-0.05,8956648,1.14,0.38,-0.12,0.74,0
2019-01-02,0.08,10178458,-0.33,0.08,0.98,0.69,0
2019-01-03,0.02,-9516192,1.23,1.24,-2.48,1.56,0
2019-01-04,-0.02,-13628479,-2.83,-3.04,3.43,-5.94,1
2019-01-07,0.01,-28278380,3.29,4.26,0.7,4.37,0
2019-01-08,0,4793082,0.42,1.26,0.97,1.95,1
2019-01-09,0,-741018,1.09,1.08,0.41,-0.49,0
2019-01-10,0,7369311,0.39,0.87,0.45,2.52,1
2019-01-11,-0.09,926912,0.51,0.42,-0.01,0.97,0
2019-01-14,0,11540708,-0.02,-0.21,-0.53,0.97,1
2019-01-15,0.04,-2425338,-0.36,-0.94,1.07,-1.55,0
2019-01-16,-0.02,8183395,0.65,1.71,0.22,0.23,1
2019-01-17,0,-7531709,0.59,0.15,0.76,-0.82,1
2019-01-18,0.01,1753485,0.67,0.71,1.32,1.14,1
2019-01-22,-0.01,-12675952,1.38,1.03,-1.42,2.3,0
2019-01-23,0.01,4405762,-1.22,-1.91,0.22,-2.85,1
2019-01-24,-0.01,-2032475,0.7,0.08,0.14,-0.62,1
2019-01-25,0,2583380,-0.09,0.68,0.85,5.73,1
2019-01-28,0,16765068,0.75,1.29,-0.78,2.17,0
2019-01-29,-0.03,8922758,-0.84,-1.11,-0.15,-2.09,1
2019-01-30,-0.01,-9420557,0.21,-0.81,1.55,-1.45,1
2019-02-11,0.01,-11955215,1.77,2.2,1.07,2.87,1
2019-02-12,-0.01,28864373,0.15,1.74,1.29,2.92,0
2019-02-13,0,15972587,1.49,1.46,0.3,2.13,0
2019-02-14,-0.01,11096486,0.46,0.08,-0.27,0.3,0
2019-02-15,-0.01,627738,-0.41,0.09,1.09,0.25,1
2019-02-19,0,2649232,1.74,0.61,0.15,0.53,1
2019-02-20,0,-465322,0.03,0.19,0.18,-0.2,1
2019-02-21,0.01,13198064,0.24,0.03,-0.35,0.87,1
2019-02-22,-0.01,14842088,-0.4,-0.39,0.64,-0.74,1
2019-02-25,0.01,4116831,0.7,0.91,0.12,1.08,1
2019-02-26,0.02,5419469,0.23,0.36,-0.08,0.82,0
2019-02-27,-0.01,4798644,-0.13,-0.07,-0.05,-0.68,0
2019-03-04,0,2272934,-0.28,0.07,0.02,-1.22,0
2019-03-05,-0.02,1748976,-0.64,0.31,-0.11,0.99,1
2019-03-06,0.04,-492286,-0.05,-0.02,-0.65,-0.47,0
2019-03-07,0,1071001,-0.52,-0.93,-0.81,-1.7,0
2019-03-08,0,-858423,-0.78,-1.13,-0.21,-1.1,1
2019-03-11,0,-9714389,-0.09,-0.18,1.47,-0.07,1
2019-03-12,-0.01,-7712056,0.79,2.02,0.3,2.4,1
2019-03-13,0,6241945,-0.38,0.44,0.69,0.39,0
2019-03-14,-0.01,6013466,0.58,0.69,-0.09,0.42,1
2019-03-15,0,-1208060,0.03,-0.16,0.5,-0.57,1
2019-03-18,0.01,9778377,0.54,0.76,0.37,2.9,0
2019-03-19,0,15268334,0.25,0.34,-0.01,-0.26,1
2019-03-20,0.01,758577,-0.1,0.12,-0.29,1.34,1
2019-03-21,0.01,6592800,-0.55,0.06,1.09,-1.02,1
2019-03-22,-0.01,10598729,0.84,1.42,-1.9,3.5,0
2019-03-25,0,7368120,-1.77,-2.5,-0.08,-2.88,1
2019-03-26,-0.01,-4280554,0.06,-0.07,0.72,-1.26,0
2019-03-27,0,2126563,0.55,0.71,-0.46,1.01,0
2019-03-28,0.03,-3089088,-0.13,-0.63,0.36,-1.45,1
2019-03-29,0,-243844,0.36,0.34,0.67,-0.19,1
2019-04-01,0.02,2763334,0.82,0.78,1.16,1.58,1
2019-04-02,0.01,13363535,1.27,1.29,0,2.49,1
2019-04-03,0.17,7059065,-0.3,0.25,0.21,0.1,1
2019-04-08,0.02,4632188,0.15,0.6,0.78,2.27,1
2019-04-09,0.01,21498686,0.47,0.74,-0.61,1.17,1
2019-04-10,-0.02,4283746,-0.72,-0.56,0.35,-1.14,0
2019-04-11,0.03,-409033,0.03,0.69,0,0.86,0
2019-04-12,-0.05,-2306431,-0.05,-0.21,0.66,-0.07,1
2019-04-15,0.01,2143947,1.03,0.46,-0.06,1.43,1
2019-04-16,-0.02,6421182,-0.1,-0.1,0.05,-0.75,1
2019-04-17,0.03,4230165,0.26,0.3,-0.23,3.19,0
2019-04-18,0.01,20306055,-0.01,-0.05,0.16,1.56,1
2019-04-22,0.01,17003624,0.42,0.02,0.1,0.07,1
2019-04-23,0.02,8797803,-0.18,0.22,0.88,0.01,1
2019-04-24,0.03,9834070,0.55,1.32,-0.22,1.01,1
2019-04-25,-0.02,4902093,-0.22,-0.23,-0.04,0.95,0
2019-04-26,-0.04,3991974,-0.51,0.21,0.47,-1.81,0
2019-04-29,0.02,-8584228,0.31,0.34,0.11,-0.83,1
2019-04-30,-0.01,6665064,0.04,0.19,0.1,-0.19,1
2019-05-02,0.02,6796172,0.15,-0.81,-0.96,0.76,1
2019-05-03,0.02,10497951,-1.07,-0.72,0.96,0.28,0
2019-05-06,0.05,11460569,0.75,1.58,-0.45,0.65,1
2019-05-07,-0.01,-7121053,-0.25,-0.5,-1.65,-1.72,0
2019-05-08,0.02,-2735286,-1.79,-1.96,-0.16,-2.42,0
2019-05-09,0.02,-6737801,0.01,-0.26,-0.3,-0.79,0
2019-05-10,0.03,-4175965,-0.54,-0.41,0.37,-1.18,0
2019-05-13,0.03,-3608858,0.44,0.08,-2.41,0.14,0
2019-05-14,0.12,-1777277,-2.38,-3.41,0.8,-4.73,1
2019-05-15,0.02,-3344126,0.82,1.14,0.58,2.4,0
2019-05-16,0.02,-10419729,0.45,1.13,0.89,0.81,0
2019-05-17,-0.04,-9483907,0.84,0.97,-0.58,-1.68,1
2019-05-20,-0.07,-9925773,-0.38,-1.04,-0.67,-1.96,1
2019-05-21,-0.02,-11118149,-0.33,-1.46,0.85,-4.02,0
2019-05-22,0,-33987791,0.77,1.08,-0.28,2.13,0
2019-05-23,-0.04,-7037556,-0.39,-0.45,-1.19,-2.12,1
2019-05-24,0.03,-25456791,-1.11,-1.58,0.14,-1.65,0
2019-05-28,0.02,-14513977,0.37,0.11,-0.84,-0.82,0
2019-05-29,0,-8066661,-0.93,-0.39,-0.69,-0.89,1
2019-05-30,-0.01,-10277515,-0.87,-0.79,0.21,0.41,1
2019-05-31,-0.04,-5222719,0.17,0.27,-1.32,0.74,1
2019-06-03,0.03,-3617981,-1.41,-1.51,-0.28,-1.45,0
2019-06-04,-0.07,5749969,0.02,-1.61,2.14,0.33,1
2019-06-05,-0.05,-9984899,2.06,2.65,0.82,4.21,0
2019-06-06,0.01,-2621457,0.82,0.64,0.61,-0.75,1
2019-06-10,0,-12046566,0.71,0.53,1.52,1.34,1
2019-06-11,0.05,10212355,1.33,2.73,-0.03,3.72,1
2019-06-12,-0.01,6995620,-0.05,-0.01,-0.2,0.29,0
2019-06-13,0.03,4449734,-0.17,-0.38,0.41,-2.33,0
2019-06-14,0.01,-10176456,0.39,0.57,-0.16,0.58,1
2019-06-17,0.05,-9878497,-0.07,-0.52,0.09,-2.61,1
2019-06-18,0.04,-17387683,0.09,0.62,0.97,-0.64,1
2019-06-19,-0.03,-2830962,1.35,1.39,0.3,4.33,1
2019-06-20,0.02,16707059,0.15,0.42,0.95,0.08,1
2019-06-21,0.03,4379165,0.94,0.8,-0.13,0.98,0
2019-06-24,0.07,14393133,-0.13,-0.24,-0.17,-0.74,0
2019-06-25,0.01,-12706614,0.03,-0.32,-0.95,0.11,0
2019-06-26,0.07,-1301343,-0.67,-1.51,-0.12,-1.48,1
2019-06-27,0.11,-13305705,-0.04,0.32,0.38,3.21,0
2019-06-28,-0.14,11155976,-0.04,0.73,0.58,1.47,1
2019-07-01,0.1,1641523,0.28,0.48,0.77,0.14,0
2019-07-02,-0.02,14955672,0.44,1.06,0.29,2.65,0
2019-07-03,0.02,851115,0.26,0.22,0.77,-1.38,1
2019-07-05,0.1,-9476046,0.67,0.75,-0.18,-0.43,0
2019-07-08,-0.02,-6019490,-0.16,-0.1,-0.48,-0.6,0
2019-07-09,0.07,-8327114,-0.43,-0.78,0.12,-0.77,1
2019-07-10,0.02,-5845906,-0.08,0.54,0.45,0.74,1
2019-07-11,-0.03,729377,0.29,0.75,0.23,0.7,0
2019-07-12,-0.06,8564543,0.85,-0.08,0.46,0.32,1
2019-07-15,0.04,8908986,0.9,0.59,0.02,1.9,1
2019-07-16,0.06,5494609,0.1,0.17,-0.34,0.77,0
2019-07-17,-0.13,5073157,-0.09,-0.43,-0.65,-1.07,0
2019-07-18,0.03,-7170768,-0.42,-0.46,0.36,0.28,1
2019-07-19,0.1,-2197749,0.01,0.27,-0.62,1.54,1
2019-07-22,-0.01,23210181,-0.25,-0.74,0.28,-0.2,1
2019-07-23,-0.03,12790733,0.07,0.71,0.68,1.98,0
2019-07-24,-0.05,12522862,0.65,0.58,0.47,1.23,1
2019-07-25,-0.01,3811299,-0.29,0.85,-0.53,3.1,0
2019-07-26,0.01,4562509,-0.47,-1,0.74,-1.72,0
2019-07-29,-0.01,-3564399,0.19,1.11,-0.16,-0.02,0
2019-07-30,-0.02,1203386,0.11,-0.44,-0.26,0.26,0
2019-07-31,0,-374126,-0.09,-0.24,-1.09,-0.26,0
2019-08-01,0.05,-1051299,-1.23,-1.19,-0.9,-3.22,0
2019-08-02,0.03,-9057631,-1.05,-0.79,-0.73,-1.97,0
2019-08-05,0.01,-8711365,-0.37,-1.32,-2.98,-1.56,0
2019-08-06,0.08,-20232677,-2.9,-3.47,1.3,-4.36,0
2019-08-07,-0.03,-2874721,1.21,1.39,0.08,1.28,1
2019-08-08,0.05,-11885951,-0.09,0.38,1.88,0.72,0
2019-08-12,0.01,7406594,1.43,2.24,-1.89,2.7,0
2019-08-13,-0.01,-4384199,-1.83,-2.19,1.51,-2.97,1
2019-08-14,-0.04,-7925118,1.48,1.95,-2.93,2.95,0
2019-08-15,-0.08,-3582634,-3.05,-3.02,0.25,-3.16,1
2019-08-16,0.03,-2782593,0.39,-0.09,1.44,-0.23,1
2019-08-19,0,-2604005,1.2,1.67,1.21,2.78,1
2019-08-20,0.06,1936273,0.96,1.35,-0.79,1.88,1
2019-08-21,-0.01,5655374,-0.66,-0.68,0.82,-0.54,1
2019-08-22,-0.06,725187,0.93,0.9,-0.05,0.92,1
2019-08-23,0,2141340,0.19,-0.36,-2.59,-0.03,0
2019-08-26,0.03,-788984,-2.37,-3,1.1,-4.36,1
2019-08-27,0.02,-15246128,1.05,1.32,-0.32,0.86,1
2019-08-28,-0.02,-835237,-0.47,-0.34,0.65,-0.33,1
2019-08-29,-0.04,2385364,1,0.38,1.27,0.6,1
2019-08-30,-0.02,3677572,1.25,1.48,0.06,2.25,0
2019-09-03,0.01,17982634,0.16,-0.13,-0.69,0.61,1
2019-09-04,0.03,-7714359,-1.08,-1.11,1.08,-1.77,1
2019-09-05,0,6339645,0.91,1.3,1.3,2.79,1
2019-09-06,0,33002764,1.41,1.75,0.09,3.07,1
2019-09-09,-0.02,12021472,0.26,-0.17,-0.01,0.14,0
2019-09-10,-0.01,7178458,0.14,-0.19,0.03,0.51,1
2019-09-11,-0.02,-353744,0.28,-0.04,0.72,0.43,1
2019-09-12,0.01,299506,0.85,1.06,0.29,1.46,1
2019-09-16,0.02,4903953,0.17,0.3,-0.39,0.29,0
2019-09-17,-0.01,13653317,-0.39,-0.5,0.26,-1.01,1
2019-09-18,-0.01,9449502,0.13,0.4,0.03,0.33,0
2019-09-19,0,25761296,0.13,-0.11,0,0.08,1
2019-09-20,0.01,2298135,-0.19,0.07,-0.49,-0.55,0
2019-09-23,-0.01,619942,-0.59,-0.8,-0.01,-1.83,0
2019-09-24,-0.03,716298,0.06,-0.06,-0.84,0.97,0
2019-09-25,-0.12,-2136857,-0.53,-1.46,0.62,-1.65,0
2019-09-26,-0.01,2764906,0.61,1.05,-0.24,1.78,0
2019-09-27,-0.04,4872550,-0.3,-0.58,-0.53,0.03,1
2019-10-01,0.02,20014613,-0.26,-1.13,-0.73,-2.36,0
2019-10-02,0,26749124,-0.92,-0.39,-1.79,0.09,0
2019-10-03,0.01,5863752,-1.86,-1.56,0.8,-1.58,1
2019-10-04,-0.02,-5724241,0.47,1.12,1.42,1.71,1
2019-10-07,-0.01,-1258365,1.42,1.4,-0.45,1.85,1
2019-10-08,0.04,356930,-0.36,-0.33,-1.56,-0.71,0
2019-10-09,0,15454247,-1.19,-1.67,0.91,-3.12,1
2019-10-14,0.05,-4235684,0.7,1.02,1.6,1.74,1
2019-10-15,0.01,6492287,1.68,1.83,1,3.22,1
2019-10-16,-0.02,4698875,0.89,1.24,-0.2,2.22,1
2019-10-17,-0.02,4874578,-0.08,-0.3,0.28,-1.47,0
2019-10-18,0.01,632184,0.09,0.4,-0.39,0.34,1
2019-10-21,-0.02,5228717,-0.95,-0.83,0.69,-1.06,1
2019-10-22,0,3141974,0.21,0.91,-0.36,1.88,0
2019-10-23,-0.02,10225726,-0.15,-0.72,0.28,-0.77,1
2019-10-24,-0.07,-349001,0.17,0.19,0.19,-1.93,0
2019-10-25,-0.01,6911509,-0.11,0.81,0.41,2.47,1
2019-10-28,0.17,9752939,0.57,0.7,0.56,2.05,1
2019-10-29,-0.03,6938007,0.49,1.01,-0.08,1.75,1
2019-10-30,0.02,16513684,-0.07,-0.59,0.33,-0.9,0
2019-10-31,-0.03,4061427,0.43,0.33,-0.3,-0.06,1
2019-11-01,0,7706395,-0.52,-0.14,0.97,-0.62,1
2019-11-04,0.01,6480198,1.11,1.13,0.37,2.34,1
2019-11-05,0.02,8484666,0.42,0.56,-0.12,2.19,1
2019-11-06,-0.01,3725392,0.11,0.02,0.07,0.19,0
2019-11-07,0,3306557,0,-0.29,0.27,-0.84,0
2019-11-08,-0.01,-1635762,0.66,0.28,0.26,0.7,0
2019-11-11,-0.05,-3235741,0.02,0.48,-0.2,0.53,1
2019-11-12,-0.03,1568599,0.04,-0.13,0.16,-0.53,0
2019-11-13,0.01,-2182727,0,0.26,0.07,0.28,0
2019-11-14,0,261621,0.33,-0.05,0.08,0.03,1
2019-11-15,-0.01,-2232235,-0.01,-0.04,0.77,-0.3,1
2019-11-18,-0.02,-2707845,0.8,0.73,0.05,0.89,1
2019-11-19,-0.04,2779348,0.11,0.11,-0.06,-0.24,0
2019-11-20,-0.01,11800672,-0.36,0.24,-0.38,-0.48,0
2019-11-21,-0.01,-2483615,-0.4,-0.51,-0.16,-1.18,1
2019-11-22,-0.06,-9771665,-0.2,-0.24,0.22,-1.13,0
2019-11-25,-0.05,-8023973,0.39,0.16,0.75,0,1
2019-11-26,0.03,-4540903,0.68,1.32,0.22,2.43,1
2019-11-27,0.01,-6127878,0.2,0.18,0.42,-0.5,0
2019-11-29,0.05,1634219,0.15,0.66,-0.4,0.73,1
2019-12-02,0.04,-10153047,-0.4,-0.46,-0.86,-1.1,1
2019-12-03,-0.01,7639215,-0.96,-1.12,-0.66,-1.46,0
2019-12-04,0,1167535,-1.01,-0.55,0.63,-1.54,1
2019-12-05,-0.01,-1843246,0.53,0.54,0.15,1.55,1
2019-12-06,0.03,13896526,0.1,0.05,0.91,0.37,1
2019-12-09,0.02,1252141,1.22,1,-0.32,1.56,0
2019-12-10,-0.02,467031,-0.38,-0.4,-0.11,-0.54,1
2019-12-11,-0.02,-5209816,-0.1,-0.07,0.29,0.35,1
2019-12-12,0,3181738,0.11,0.44,0.86,2.23,1
2019-12-13,0,8389557,0.79,0.73,0.01,2.71,1
2019-12-16,0.01,4372828,0.01,0.2,0.71,-0.6,1
2019-12-17,-0.03,-13017741,0.36,0.91,0.03,0.96,1
2019-12-18,-0.04,980694,0.11,0.1,-0.04,0.47,0
2019-12-19,0.1,-8783607,-0.1,0.05,0.45,-0.09,0
2019-12-20,-0.02,-20709106,0.49,0.67,0.49,0.81,1
2019-12-23,0,-17452327,0.28,0.42,0.09,1.03,0
2019-12-24,-0.02,4422965,0.34,0.23,-0.02,0.18,0
2019-12-26,-0.01,-964708,-0.13,0.08,0.51,0.27,1
2019-12-27,0,1083008,0.37,0.78,0,0.12,0
2019-12-30,0.01,4330650,0.08,-0.17,-0.58,-0.32,0
2019-12-31,-0.02,-3946541,-0.64,-0.67,0.29,-0.76,1
2020-01-02,-0.01,-6909111,0.27,0.3,0.84,0.28,1
2020-01-03,-0.03,-4952707,1.16,1.33,-0.71,2.07,0
2020-01-06,0.05,1682359,-0.81,-0.79,0.35,-1.8,0
2020-01-07,0.05,-16137109,0.24,0.56,-0.28,-1.04,0
2020-01-08,0.05,-14025862,-0.42,-0.03,0.49,1.78,1
2020-01-09,-0.01,-1233923,0.56,0.67,0.67,0.02,1
2020-01-10,-0.03,9454552,0.74,0.81,-0.29,0.6,1
2020-01-13,0.04,732099,-0.46,-0.27,0.7,-0.66,1
2020-01-14,-0.01,5595714,0.29,1.04,-0.15,1.31,0
2020-01-15,0.09,4870592,0.11,-0.24,0.19,0.2,0
2020-01-16,0,-19163016,0.31,0.08,0.84,-1.19,1
2020-01-17,-0.01,-22114553,0.92,1.06,0.39,1.7,0
2020-01-30,0.02,-19013387,0.17,0.34,-1.38,0.67,1
2020-01-31,0.02,-31099332,-1.67,-0.96,-1.77,-3.17,0
2020-02-03,-0.02,-16722982,-2.09,-1.59,0.73,-3.55,1
2020-02-04,0,-9052692,0.51,1.34,1.5,1.24,1
2020-02-05,-0.01,4463472,1.44,2.1,1.13,3.12,1
2020-02-06,0.05,1531912,1.68,0.43,0.33,2.19,0
2020-02-07,0.02,2398245,0.3,0.67,-0.54,0.01,0
2020-02-10,0,-4800105,-0.94,-0.54,0.73,-2.37,1
2020-02-11,-0.03,-8590771,0.6,1.13,0.17,1.53,1
2020-02-12,0.04,-73522,0,0.11,0.65,2.02,1
2020-02-13,0.01,5927908,0.94,0.9,-0.16,1.44,1
2020-02-14,-0.01,670025,-0.43,-0.14,0.18,0.08,0
2020-02-18,0.01,-1364730,-0.09,0.2,-0.29,-0.19,1
2020-02-19,0.05,-39896186,-0.56,0.02,0.47,-1.4,0
2020-02-20,-0.05,-918285,0.4,0.87,-0.38,2.61,0
2020-02-21,0,-7838679,-0.44,-0.67,-1.05,-1.53,0
2020-02-24,0.01,-5878993,-0.78,-1.79,-3.35,-2.99,1
2020-02-25,-0.03,-26196211,-3.56,-3.71,-3.03,-4.75,0
2020-02-26,-0.04,-11900444,-3.15,-2.77,-0.38,-3.06,0
2020-02-27,-0.06,-34958451,-0.46,0.17,-4.42,0.22,0
2020-03-02,0,-24331795,-4.42,-4.61,3.74,-4.65,1
2020-03-03,0.04,-32488825,3.64,4.5,-2.81,5.8,1
2020-03-04,-0.02,-5318871,-2.94,-2.99,4.22,-3.41,1
2020-03-05,0,8967968,4.53,3.85,-3.39,4.94,0
2020-03-06,0.03,-8314460,-3.58,-3.1,-1.71,-3.1,0
2020-03-09,0.01,-35909995,-0.98,-1.86,-7.6,-1.97,1
2020-03-10,-0.01,-55679530,-7.79,-7.29,4.94,-8.34,0
2020-03-11,-0.01,-21677967,4.89,4.95,-4.89,6.31,0
2020-03-12,0.01,-25423443,-5.86,-4.7,-9.51,-5.67,0
2020-03-13,-0.39,-42405434,-9.99,-9.43,9.29,-10.91,0
2020-03-16,0.16,-36234499,9.36,9.35,-11.98,10.93,0
2020-03-17,-0.06,-46905593,-12.93,-12.32,6,-15.9,0
2020-03-18,0.05,-37284459,5.2,6.23,-5.18,9.84,0
2020-03-19,0.02,-35801621,-6.3,-4.7,0.47,-9.79,1
2020-03-20,0.15,-31771985,0.95,2.3,-4.34,4.23,0
2020-03-23,0.01,-15232009,-4.55,-3.79,-2.93,-3.18,1
2020-03-24,0.11,-16386002,-3.04,-0.27,9.38,3.36,1
2020-03-25,0.04,16972891,11.37,8.12,1.15,11.15,1
2020-03-26,-0.01,8736844,2.39,-0.45,6.24,-1.29,0
2020-03-27,0.01,19505007,6.38,5.6,-3.37,6.79,0
2020-03-30,-0.05,-7795403,-4.06,-3.79,3.35,-5.33,1
2020-03-31,0.08,-12667127,3.19,3.62,-1.6,3.8,0
2020-04-01,0,8207693,-1.84,-0.95,-4.41,-2.25,1
2020-04-06,0.04,1875566,-4.44,-4.41,7.82,-5.49,1
2020-04-07,0.08,5386159,8.29,7.51,-0.16,11.57,1
2020-04-08,-0.02,21574311,-0.12,-0.33,3.41,-0.47,0
2020-04-09,0.02,8842315,3.44,2.58,1.45,3.44,0
2020-04-13,-0.01,4501209,1.22,0.77,-1.01,-2.33,1
2020-04-14,-0.01,-6807246,-1.39,0.48,3.06,1.37,1
2020-04-15,0,16638959,2.39,3.95,-2.2,4.44,0
2020-04-16,-0.03,-1895257,-1.86,-1.44,0.58,-2.82,1
2020-04-17,0.07,-6008837,0.14,1.66,2.68,2.61,0
2020-04-20,-0.01,59267985,2.99,1.38,-1.79,0.87,0
2020-04-21,-0.04,-1701372,-2.44,-1.03,-3.07,-2.23,1
2020-04-22,0,-17613239,-2.67,-3.48,2.29,-4.73,1
2020-04-23,0.04,-6625421,1.99,2.81,-0.05,5.88,0
2020-04-24,0.05,4522317,0.17,-0.01,1.39,-1.04,1
2020-04-27,0,-597758,1.11,1.65,1.47,2.28,1
2020-04-28,0.01,8808551,1.51,1.11,-0.52,1.32,1
2020-04-29,0,-2132009,-0.13,-1.4,2.66,-0.69,1
2020-04-30,0.13,14302196,2.21,3.57,-0.92,4.94,0
2020-05-04,-0.02,16137459,-1.17,-0.28,-2.39,-3.7,1
2020-05-05,0,-38283565,-2.45,-2.01,0.9,-4.04,1
2020-05-06,0.01,-5987311,0.56,1.13,-0.7,1.7,1
2020-05-07,0.02,-7858896,-0.91,0.51,1.15,1.08,1
2020-05-08,0.09,-2673201,0.89,1.41,1.69,1.01,1
2020-05-11,-0.02,-10234260,1.91,1.58,0.01,2.94,0
2020-05-12,-0.02,2069342,-0.45,0.78,-2.05,-0.07,1
2020-05-13,0.03,-30406614,-1.89,-2.06,-1.75,-2.77,0
2020-05-14,0.06,-6711445,-2.17,-1.55,1.15,-1.95,1
2020-05-15,0.05,-17706691,1.62,0.91,0.39,2.81,0
2020-05-18,-0.05,9893733,0.25,0.79,3.15,-2.19,1
2020-05-19,0.01,-43243784,3.85,2.44,-1.05,4.8,1
2020-05-20,0,223505,-1.59,-0.54,1.67,-0.39,1
2020-05-21,-0.03,11891922,1.52,2.08,-0.78,3.67,0
2020-05-22,-0.05,12737205,-0.41,-0.97,0.24,-2.71,1
2020-05-26,0.01,-19099501,-0.04,0.43,1.23,0.63,1
2020-05-27,-0.01,17258784,2.17,0.17,1.48,1.01,0
2020-05-28,0.04,3772977,2.21,0.77,-0.21,1.47,0
2020-05-29,0.04,78093,-0.58,-0.46,0.48,-2.31,1
2020-06-01,-0.02,-19727953,-0.07,1.29,0.38,2.65,1
2020-06-02,0.08,9213639,0.36,0.66,0.82,-0.5,1
2020-06-03,-0.06,4506125,1.05,0.59,1.36,2.18,1
2020-06-04,0.01,19499481,2.05,0.78,-0.34,2.87,1
2020-06-05,0.01,15637966,0.05,-0.69,2.62,0.83,1
2020-06-08,-0.02,20888320,3.15,2.06,1.2,2.57,1
2020-06-09,0,13148865,1.7,1.13,-0.78,-0.26,1
2020-06-10,0,8944091,-1.09,0.29,-0.53,-0.03,0
2020-06-11,0.01,10511597,-1.04,0.67,-5.89,0.33,0
2020-06-12,-0.06,14492170,-6.9,-5.27,1.31,-6.39,0
2020-06-15,0.02,5801727,1.9,1.01,0.83,1.45,1
2020-06-16,0.01,-6354808,0.62,1.43,1.9,1.43,1
2020-06-17,0.01,17070015,2.04,1.75,-0.36,1.8,1
2020-06-18,-0.01,4431067,-0.65,0.15,0.06,0.94,1
2020-06-19,-0.01,4168052,-0.15,0.33,-0.56,-0.2,1
2020-06-22,-0.01,-576722,-0.8,0.03,0.65,-0.67,1
2020-06-23,0.04,4925243,0.59,1.11,0.43,0.84,1
2020-06-24,-0.01,17730066,0.5,0.74,-2.59,0.22,0
2020-06-29,-0.03,24596725,-2.72,-2.19,0.1,-2.18,1
2020-06-30,0.01,-7811227,0.59,-0.35,1.54,-0.02,1
2020-07-01,-0.01,12328586,0.85,1.87,0.5,2.7,1
2020-07-02,0.01,8825857,-0.3,0.95,0.45,-1.48,1
2020-07-06,-0.02,7017063,0.36,0.52,1.59,1.35,0
2020-07-07,0.03,12867066,1.78,2.21,-1.08,2.67,1
2020-07-08,-0.01,11643916,-1.51,-0.86,0.78,-1.32,1
2020-07-09,0.02,2398424,0.68,1.44,-0.56,1.48,0
2020-07-10,-0.02,10704241,-1.39,0.53,1.05,1.32,1
2020-07-13,0.01,23857325,1.44,0.66,-0.94,-0.33,0
2020-07-14,-0.01,5047093,0.04,-2.13,1.34,-1.72,0
2020-07-15,0,-1821556,2.13,0.94,0.91,1.75,0
2020-07-16,-0.01,-3664683,0.85,0.59,-0.34,-0.27,1
2020-07-17,-0.01,-16472046,-0.5,-0.73,0.28,-0.4,0
2020-07-20,0,8193412,-0.23,0.28,0.84,0.64,1
2020-07-21,0,326696,0.03,2.51,0.17,2,1
2020-07-22,0.02,16236373,0.6,-0.81,0.57,-0.66,0
2020-07-23,0.01,-10432591,0.62,0.24,-1.23,0.42,0
2020-07-24,0.01,-13794553,-1.31,-2.29,-0.62,-1.64,1
2020-07-27,-0.01,11608511,-0.68,-0.94,0.74,-1.56,0
2020-07-28,0.11,18128499,0.43,1.67,-0.65,3.23,0
2020-07-29,-0.01,-3599481,-0.77,-1.27,1.24,-2.1,1
2020-07-30,0.02,-11184086,0.61,1.35,-0.38,2.23,0
2020-07-31,0,-379366,-0.85,0.43,0.77,1.96,0
2020-08-03,0.02,-14949435,0.44,1.49,0.72,-0.52,1
2020-08-04,0.01,-18054645,0.89,1.47,0.36,1.91,1
2020-08-05,0,10424903,0.62,0.35,0.64,1.49,1
2020-08-06,0.05,-1313295,1.39,0.52,0.64,-0.1,0
2020-08-07,0,11923480,0.68,1,0.06,-0.12,1
2020-08-10,-0.01,2695345,0.17,-0.87,0.27,-1.18,0
2020-08-11,0.02,6559564,1.3,-0.39,-0.8,0.03,0
2020-08-12,-0.04,-4655878,-0.38,-1.69,1.4,-1.14,1
2020-08-13,0.01,-20109773,1.05,2.13,-0.2,3.36,1
2020-08-14,0.02,16546466,-0.29,0.27,-0.02,-1.11,1
2020-08-17,0,-3723445,0.12,-0.21,0.27,-0.07,0
2020-08-18,0.03,14426088,-0.31,1,0.23,1.22,0
2020-08-19,-0.03,8291769,-0.24,0.73,-0.44,-0.58,0
2020-08-20,-0.02,-1615542,-0.31,-0.57,0.32,-0.63,1
2020-08-21,0.01,-9288938,0.17,1.06,0.34,-0.9,1
2020-08-24,-0.03,9385407,0.69,0.42,1,0.79,1
2020-08-25,0.01,3433484,1.35,0.6,0.36,0.96,1
2020-08-26,-0.04,-2114526,-0.21,0.76,1.02,1.07,0
2020-08-27,0.01,4562144,0.3,1.73,0.17,0.32,0
2020-08-28,-0.01,-8035680,0.57,-0.34,0.67,-1.34,0
2020-08-31,0.02,-14359432,0.57,0.6,-0.22,1.98,1
2020-09-01,0,-14134673,-0.78,0.68,0.75,-0.16,0
2020-09-02,0.02,6787218,0.76,1.39,1.54,1.96,1
2020-09-03,-0.04,5250154,1.59,0.98,-3.51,2.84,0
2020-09-04,-0.11,11022937,-2.78,-4.96,-0.81,-5.74,1
2020-09-08,0.03,-17809713,-0.56,-1.27,-2.78,-0.96,0
2020-09-09,-0.02,1780187,-2.25,-4.11,2.01,-4.71,1
2020-09-10,0.01,-12888935,1.6,2.71,-1.76,2.89,0
2020-09-11,0.01,12269908,-1.45,-1.99,0.05,-1.47,1
2020-09-14,0,4119705,0.48,-0.6,1.27,-0.07,1
2020-09-15,0.03,-1260143,1.18,1.87,0.52,2.12,1
2020-09-16,0.01,1130078,0.01,1.21,-0.46,1.72,0
2020-09-17,0.02,23219844,0.13,-1.25,-0.84,-1.07,1
2020-09-18,0,-20111622,-0.47,-1.27,-1.12,-0.06,0
2020-09-21,0,-10215528,-0.88,-1.07,-1.16,-1.51,0
2020-09-22,-0.05,-17106147,-1.84,-0.13,1.05,-0.31,0
2020-09-23,0.01,-9948727,0.52,1.71,-2.37,1.21,0
2020-09-24,-0.03,-18083093,-1.92,-3.02,0.3,-2.46,0
2020-09-25,0.05,-41367505,0.2,0.37,1.6,0.97,1
2020-09-28,0,-688085,1.34,2.26,1.61,1.42,1
2020-09-29,-0.01,4444831,1.51,1.87,-0.48,2.75,1
2020-09-30,0.01,2195312,-0.48,-0.29,0.83,0.22,1
2020-10-05,-0.01,3494345,1.2,0.74,1.36,0.07,1
2020-10-06,0.01,4581086,1.32,1.48,-1.4,2.29,1
2020-10-07,-0.02,12850058,-1.34,-1.57,1.74,-0.63,1
2020-10-08,0.01,7845149,1.91,1.88,0.8,2.09,1
2020-10-12,0.02,29672056,0.43,0.5,2.54,1.17,0
2020-10-13,0.01,17698266,1.45,3.99,-0.63,3.28,0
2020-10-14,-0.01,12303881,-0.55,-0.1,-0.66,-0.14,0
2020-10-15,0,-7513679,-0.58,-0.8,-0.15,-0.53,0
2020-10-16,0.01,-12333725,-0.07,-0.47,0.01,-0.25,1
2020-10-19,-0.02,-3560597,0.39,-0.36,-1.63,-0.47,0
2020-10-20,0.02,8898075,-1.44,-1.65,0.47,-0.58,1
2020-10-21,0.01,-3438442,0.4,0.33,-0.22,0,1
2020-10-22,0.08,4180765,-0.35,-0.28,0.52,-0.78,0
2020-10-23,0.01,5055599,0.54,0.19,0.34,0.13,1
2020-10-26,0,-1665776,-0.1,0.37,-1.86,-0.43,0
2020-10-27,0,-6010632,-2.29,-1.64,-0.3,-2.19,0
2020-10-28,0.05,-8334105,-0.8,0.64,-3.53,-0.33,0
2020-10-29,-0.03,-11252945,-3.43,-3.73,1.19,-3.39,0
2020-10-30,0.01,-22475847,0.52,1.64,-1.21,2.73,1
2020-11-02,0.01,-20548272,-0.59,-2.45,1.23,-1.64,1
2020-11-03,-0.01,-151536,1.6,0.42,1.78,0.62,1
2020-11-04,0.03,2836505,2.06,1.85,2.2,1.89,1
2020-11-05,0.01,9779138,1.34,3.85,1.95,3.54,1
2020-11-06,0.1,11923974,1.95,2.59,-0.03,4.4,1
2020-11-09,0,14796753,-0.24,0.04,1.17,1.61,0
2020-11-10,-0.01,16619160,2.95,-1.53,-0.14,-1.25,1
2020-11-11,0,-12108521,0.9,-1.37,0.77,-3.01,0
2020-11-12,0.03,6537825,-0.08,2.01,-1,3.67,1
2020-11-13,0.04,13560490,-1.08,-0.65,1.36,-1.31,1
2020-11-16,0,5117214,1.37,1.02,1.16,1.23,1
2020-11-17,0.05,27331271,1.6,0.8,-0.48,2.48,1
2020-11-18,0.06,-2670255,-0.56,-0.21,-1.16,-0.86,0
2020-11-19,0.01,6343422,-1.16,-0.82,0.39,-0.72,0
2020-11-20,0,-15130747,0.15,0.87,-0.68,1.57,1
2020-11-23,0.05,-9507875,-0.75,-0.42,0.56,-0.57,0
2020-11-24,0,1804173,1.12,0.22,1.62,1.56,0
2020-11-25,0.04,-10500550,1.54,1.31,-0.16,0.53,1
2020-11-27,-0.02,-13690285,-0.58,0.48,0.24,-0.34,0
2020-11-30,0,-6242004,0.13,0.92,-0.46,1.2,1
2020-12-01,0.08,-32243088,-0.91,-0.06,1.13,1.21,1
2020-12-02,-0.05,1195344,0.63,1.28,0.18,1.74,0
2020-12-03,0.02,10160029,0.2,-0.05,-0.06,0.24,1
2020-12-04,0.01,-4928528,0.29,0.23,0.88,-0.01,1
2020-12-07,-0.04,18467517,0.83,0.7,-0.19,2.83,1
2020-12-08,-0.01,2168312,-0.49,0.45,0.28,0.49,1
2020-12-09,-0.04,3178036,0.35,0.5,-0.79,0.34,0
2020-12-10,0.01,-11979241,-0.35,-1.94,-0.13,-2.89,1
2020-12-11,-0.02,-12034073,-0.23,0.54,-0.13,-0.04,0
2020-12-14,-0.01,-395387,0.16,-0.23,-0.44,-1.08,0
2020-12-15,0.01,-8382154,-0.62,0.5,1.29,1.19,1
2020-12-16,0.01,-7790864,1.13,1.25,0.18,1.41,0
2020-12-17,0.1,8167625,-0.15,0.5,0.58,-0.05,0
2020-12-18,0.07,-1555471,0.49,0.84,-0.35,0.17,1
2020-12-21,0.01,6637697,-0.41,-0.07,-0.39,-0.48,0
2020-12-22,-0.03,7342217,0.12,-0.1,-0.21,-0.63,1
2020-12-23,0.05,-3688385,-0.67,0.51,0.07,-0.12,1
2020-12-24,-0.02,-1783032,0.38,-0.29,0.35,-0.74,1
2020-12-28,0.02,2529147,0.23,0.26,0.87,0.98,0
2020-12-29,0.03,6012051,0.68,0.74,-0.22,-0.22,1
2020-12-30,0.01,2888599,-0.22,-0.38,0.13,-0.23,1
2020-12-31,0.05,18236943,0.24,0.15,0.64,1.67,1
2021-01-04,0,5172644,0.65,0.14,-1.48,0.42,1
2021-01-05,-0.03,13295428,-1.25,-1.47,0.71,-0.44,0
2021-01-06,0.06,2744322,0.55,0.95,0.57,1.94,1
2021-01-07,0.08,1091862,1.44,-0.61,1.48,-0.32,1
2021-01-08,0.07,3484543,0.69,2.56,0.55,3.86,1
2021-01-11,0.03,1676752,0.18,1.03,-0.66,-0.02,0
2021-01-12,-0.07,-7248879,-0.29,-1.25,0.04,1.14,1
2021-01-13,-0.04,-5702979,0.19,0.28,0.23,0.61,0
2021-01-14,0.1,-5602921,-0.03,0.43,-0.38,0.13,0
2021-01-15,0.05,-33139816,-0.22,-0.12,-0.72,2.13,1
2021-01-19,-0.06,8601899,-0.57,-0.87,0.81,-2.06,0
2021-01-20,-0.02,6190420,0.38,1.53,1.39,3.36,1
2021-01-21,-0.01,-6297199,0.83,1.97,0.03,-0.27,0
2021-01-22,-0.13,-17903915,-0.04,0.55,-0.3,1.53,0
2021-01-25,0.07,-57552694,-0.57,0.09,0.36,-1.84,0
2021-01-26,0,-23560375,-0.12,0.69,-0.15,0.16,1
2021-01-27,0.01,-17049433,-0.07,-0.07,-2.57,-1.54,0
2021-01-28,-0.06,-5284752,-2.05,-2.61,0.98,-5.17,0
2021-01-29,0.1,-17977906,0.99,0.5,-1.93,2.09,1
2021-02-01,0.03,-17582128,-2.03,-2,1.61,-1.64,1
2021-02-02,0.01,5890042,0.76,2.55,1.39,3.91,1
2021-02-03,0.06,6129667,1.57,1.56,0.1,1.58,0
2021-02-04,0.06,-4973907,0.12,-0.02,1.09,-2.12,1
2021-02-05,-0.02,-8456118,1.08,1.23,0.39,0.86,1
2021-02-17,0.04,-6940087,0.3,0.57,1.14,-0.78,1
2021-02-18,0.06,12133955,1.49,0.79,-0.44,6.47,0
2021-02-19,-0.01,-7380675,-0.38,-0.72,-0.19,-0.99,1
2021-02-22,0.08,-11421034,0,0.07,-0.77,2.44,1
2021-02-23,-0.06,-2801623,0.09,-2.46,0.13,-3.77,0
2021-02-24,-0.1,-8593814,0.05,-0.5,1.14,-0.58,1
2021-02-25,0.02,-18131023,1.35,0.99,-2.45,3.24,0
2021-02-26,-0.06,1359261,-1.75,-3.52,-0.48,-5.8,0
2021-03-02,-0.01,-62735729,-1.5,0.56,1.55,2.28,1
2021-03-03,-0.02,-2797462,1.48,1.26,-1.31,0.11,0
2021-03-04,0.04,644426,-0.39,-2.7,-1.34,-3.11,0
2021-03-05,-0.04,-34267000,-1.11,-2.11,1.95,-4.84,0
2021-03-08,0.01,-21368367,1.85,1.55,-0.54,3.15,1
2021-03-09,0.03,-10278182,0.97,-2.41,1.42,-5.41,1
2021-03-10,0.05,-16946487,0.1,3.69,0.6,6.13,1
2021-03-11,0.02,-3288878,1.46,-0.04,1.04,-1.8,1
2021-03-12,0.03,-114504,0.58,2.52,0.1,4.09,0
2021-03-15,-0.01,2076639,0.9,-0.59,0.65,-1.07,1
2021-03-16,-0.06,-3167936,0.53,1.05,-0.16,2.26,0
2021-03-17,0.02,-5100378,-0.39,0.09,0.29,1.26,1
2021-03-18,0.04,-19764379,0.58,0.4,-1.48,1.22,0
2021-03-19,-0.02,-3628668,-0.46,-3.02,-0.06,-4.24,1
2021-03-22,0.01,-24282883,-0.71,0.76,0.7,1.18,0
2021-03-23,-0.06,-8145115,0.32,1.23,-0.76,2.2,0
2021-03-24,0.01,-2798512,-0.94,-1.12,-0.55,-2.71,1
2021-03-25,-0.04,-61538132,-0.01,-2.01,0.52,-1.34,1
2021-03-26,-0.02,-20004813,0.62,0.12,1.66,0.2,1
2021-03-29,0.07,6808829,1.39,1.24,-0.09,4.95,1
2021-03-30,0.03,6437155,0.3,-0.6,-0.32,-1.66,0
2021-03-31,0.02,205516,-0.31,-0.11,0.36,-0.33,1
2021-04-01,0,-9958370,-0.26,1.54,1.18,2.64,1
2021-04-06,0,22709604,0.52,1.76,1.35,3.69,1
2021-04-07,-0.02,13275381,0.84,1.62,0.15,0.8,1
2021-04-08,-0.04,3440503,0.05,-0.07,0.42,0.01,0
2021-04-09,0.04,3297380,0.17,1.03,0.77,1.07,1
2021-04-12,0,6059843,0.89,0.51,-0.02,-0.2,0
2021-04-13,0,-4942368,-0.16,-0.36,0.33,-1.1,1
2021-04-14,0.06,498824,-0.2,1.05,-0.41,-0.17,1
2021-04-15,-0.01,-302216,0.16,-0.99,1.11,-1.19,1
2021-04-16,0,8795104,0.9,1.31,0.36,1.79,1
2021-04-19,-0.03,-12956601,0.48,0.1,-0.53,-0.56,1
2021-04-20,-0.01,-2805873,-0.36,-0.98,-0.68,-2.52,0
2021-04-21,0.02,-3723853,-0.75,-0.92,0.93,-1.56,0
2021-04-22,-0.05,-17987078,0.93,1.19,-0.92,2.75,1
2021-04-23,-0.04,622882,-0.94,-0.94,1.09,-2.31,1
2021-04-26,-0.01,8741758,0.67,1.44,0.18,2.04,1
2021-04-27,0.1,10484886,-0.18,0.87,-0.02,1.67,0
2021-04-28,0.02,6094555,0.01,-0.34,-0.08,-0.76,0
2021-04-29,0,-2997717,-0.48,-0.28,0.68,-1.46,0
2021-05-03,-0.02,3527153,0.71,0.22,-0.45,0.76,0
2021-05-04,0.01,-16082636,0.16,-1.33,-0.67,-4.03,0
2021-05-05,-0.06,1847814,0.06,-1.88,0.07,-1.6,1
2021-05-06,0.07,-4894216,0.29,-0.37,0.82,0.61,1
2021-05-07,-0.02,-3217791,0.93,0.37,0.74,0.77,0
2021-05-10,0.02,12512135,0.66,0.88,-1.04,1.49,0
2021-05-11,-0.04,-949274,-0.1,-2.55,-0.87,-4.66,0
2021-05-12,0.02,-24041382,-1.36,-0.09,-2.14,0.3,0
2021-05-13,-0.13,-5289437,-1.99,-2.67,1.22,-4.2,1
2021-05-14,0.01,-12076003,1.29,0.72,1.49,1.5,0
2021-05-17,0,2661310,1.06,2.32,-0.25,3.02,1
2021-05-18,-0.06,9165502,-0.16,-0.38,-0.85,-0.9,0
2021-05-19,-0.01,10257939,-0.78,-0.56,-0.29,-0.86,0
2021-05-20,-0.14,-6562700,-0.48,-0.03,1.06,1.98,1
2021-05-21,0.11,-3152834,0.55,1.77,-0.08,2.64,1
2021-05-24,-0.08,3887434,0.36,-0.48,0.99,-0.46,1
2021-05-25,0.12,-347084,0.54,1.41,-0.21,2.32,1
2021-05-26,-0.01,14108981,-0.24,-0.03,0.19,0.37,0
2021-05-27,0.02,4853451,0.03,0.59,0.12,0.2,1
2021-05-28,-0.02,-7545944,0.41,-0.01,0.08,0.58,1
2021-06-01,-0.07,10466985,0.19,0.09,-0.05,0.86,1
2021-06-02,-0.02,4289198,0.13,-0.09,0.14,-0.38,1
2021-06-03,0.02,1239468,0.07,0.14,-0.36,0.71,0
2021-06-04,0.04,-554056,-0.07,-1.03,0.88,-1.81,0
2021-06-07,-0.06,-2738819,0.52,1.47,-0.08,2.39,0
2021-06-08,-0.06,128108,-0.36,0.49,0.02,-0.7,0
2021-06-09,-0.01,-1610520,-0.09,0.31,-0.18,-0.64,1
2021-06-10,0.12,-5775109,-0.44,-0.09,0.47,-0.4,1
2021-06-11,-0.02,12062227,0.06,0.78,0.19,1.19,1
2021-06-15,0.02,11595443,0.04,0.35,-0.02,0.43,0
2021-06-16,-0.01,6899115,-0.52,0.02,-0.54,0.5,1
2021-06-17,-0.05,3244059,-0.77,-0.24,-0.04,-0.77,0
2021-06-18,-0.01,2107764,-0.62,0.87,-1.31,0.96,0
2021-06-21,-0.06,40398,-1.58,-0.92,1.4,-2.44,1
2021-06-22,-0.11,-28802136,1.76,0.79,0.51,0.61,1
2021-06-23,0.03,-10238664,0.2,0.79,-0.11,0.42,1
2021-06-24,0.04,17767862,-0.21,0.13,0.58,0.37,1
2021-06-25,0.03,2495691,0.95,0.69,0.33,1.77,1
2021-06-28,-0.09,4493567,0.69,-0.06,0.23,-0.38,1
2021-06-29,-0.01,-38608,-0.44,0.98,0.03,2.52,1
2021-06-30,0.04,11109403,0.03,0.19,0.13,0.77,0
2021-07-01,-0.02,4988150,0.61,-0.17,0.52,-0.11,0
2021-07-02,-0.04,1263419,0.38,0.13,0.75,-1.5,0
2021-07-06,0.01,-3855839,0.44,0.81,-0.2,0.63,0
2021-07-07,0.02,-611347,-0.6,0.17,0.34,-0.24,1
2021-07-08,-0.01,1475930,0.3,0.01,-0.86,-1.4,0
2021-07-09,-0.03,-5399308,-0.75,-0.72,1.13,-1.19,1
2021-07-12,0.03,-12238874,1.3,0.98,0.35,1.72,1
2021-07-13,-0.03,10174525,0.36,0.21,-0.35,1.24,0
2021-07-14,-0.01,29436575,-0.31,-0.38,0.12,-0.55,1
2021-07-15,0,13442974,0.13,-0.22,-0.33,-0.35,0
2021-07-16,-0.03,4605180,0.15,-0.7,-0.75,-2.17,0
2021-07-19,-0.01,-32387253,-0.86,-0.8,-1.59,-2.25,0
2021-07-20,-0.03,-23378875,-2.09,-1.06,1.52,0.07,0
2021-07-21,-0.03,-5153496,1.62,1.57,0.82,1.38,1
2021-07-22,0.08,-2563004,0.83,0.92,0.2,3.06,1
2021-07-23,0.01,11845893,0.07,0.36,1.01,-0.89,0
2021-07-26,0.04,-5126465,0.68,1.04,0.24,0.63,0
2021-07-27,0.05,-4900858,0.24,0.03,-0.47,-0.1,0
2021-07-28,0.06,-172086,-0.24,-1.21,-0.02,-1.86,1
2021-07-29,0.01,-7437444,-0.36,0.7,0.42,1.76,0
2021-07-30,0,-395550,0.44,0.11,-0.54,1.86,1
2021-08-02,0.06,-1717948,-0.42,-0.71,-0.18,0.7,1
2021-08-03,-0.02,9132249,-0.28,0.06,0.82,0.62,1
2021-08-04,-0.03,9113124,0.8,0.55,-0.46,0.57,0
2021-08-05,0.04,6740607,-0.92,0.13,0.6,1.18,0
2021-08-06,0.03,2466638,0.78,0.78,0.17,-0.36,0
2021-08-09,0.05,-1540621,0.41,-0.4,-0.09,-0.36,0
2021-08-10,0.06,401488,-0.3,0.16,0.1,-0.36,0
2021-08-11,-0.01,2281462,0.46,-0.49,0.13,-1.2,0
2021-08-12,0,5185496,0.62,-0.16,0.41,-0.24,0
2021-08-13,-0.03,-1943724,0.04,0.35,0.16,-1.13,0
2021-08-16,0.08,-5694842,0.04,0.04,0.26,0.67,0
2021-08-17,-0.02,2496410,0.31,-0.2,-0.71,-0.37,1
2021-08-18,-0.03,-4133471,-0.79,-0.93,-1.07,-1.98,0
2021-08-19,0,-21511792,-1.08,-0.89,0.13,-1.47,0
2021-08-20,0.05,-22604575,-0.19,0.11,0.81,0.84,1
2021-08-23,0.05,-18242462,0.65,1.19,0.85,0.64,1
2021-08-24,0.01,-1763470,0.61,1.55,0.15,2.63,1
2021-08-25,-0.04,3221447,0.09,0.52,0.22,0.1,1
2021-08-26,0.03,7406382,0.11,0.15,-0.58,0.81,1
2021-08-27,-0.04,7470793,-0.54,-0.64,0.88,-0.06,1
2021-08-30,0.05,14177550,0.69,1.23,0.43,1.96,1
2021-08-31,-0.04,21390396,-0.16,0.9,-0.13,0.29,0
2021-09-01,0,25833313,-0.11,-0.04,0.03,-0.83,0
2021-09-02,0.04,7935109,-0.14,0.33,0.28,-0.52,1
2021-09-03,0.01,3156853,0.37,0.14,-0.03,0.33,0
2021-09-07,0.01,32309101,-0.21,0.21,-0.34,0.57,0
2021-09-08,-0.11,-556046,-0.76,0.07,-0.13,-0.33,1
2021-09-09,-0.02,5298645,-0.2,-0.57,-0.46,-1.23,1
2021-09-10,0.01,-608484,-0.43,-0.25,-0.77,0.39,0
2021-09-13,-0.03,3054244,-0.78,-0.87,0.23,0.76,0
2021-09-14,-0.02,-3156733,0.76,-0.07,-0.57,0.97,0
2021-09-15,0.05,2716828,-0.84,-0.45,0.85,-0.01,0
2021-09-16,0.02,-2209687,0.68,0.82,-0.16,0.47,0
2021-09-17,-0.01,-6006712,-0.18,0.13,-0.91,0.23,0
2021-09-22,-0.01,-3571164,-0.48,-0.91,-0.84,-1.51,1
2021-09-23,0.07,-18617782,-0.94,-0.98,1.21,-0.27,1
2021-09-24,0.03,-3174531,1.48,1.04,0.15,1.33,1
2021-09-27,-0.05,3329421,0.1,-0.03,-0.28,-0.1,0
2021-09-28,-0.02,1229575,0.21,-0.52,-2.04,-0.25,0
2021-09-29,-0.03,-4553354,-1.63,-2.83,0.16,-3.8,1
2021-09-30,0.01,-27988551,0.26,-0.24,-1.19,-1.53,0
2021-10-01,0.06,-4854174,-1.59,-0.44,1.15,-0.18,0
2021-10-04,0.1,-13180528,1.43,0.82,-1.3,0.09,1
2021-10-05,0.02,-3348739,-0.94,-2.14,1.05,-2.49,0
2021-10-06,0.05,-14642974,0.92,1.25,0.41,1.48,1
2021-10-07,0.07,-5897762,0.3,0.47,0.83,0.36,0
2021-10-08,-0.03,3064616,0.98,1.05,-0.19,1.1,0
2021-10-12,0,-3312488,-0.03,-0.51,-0.93,-0.86,0
2021-10-13,-0.03,-5812817,-1.06,-0.78,0.3,-2.1,1
2021-10-14,0.02,-3915967,0,0.73,1.71,0.46,1
2021-10-15,0,554969,1.56,1.73,0.75,3.08,0
2021-10-18,0.08,34623734,1.09,0.5,0.34,0.7,1
2021-10-19,0.01,-359882,-0.1,0.84,0.74,0.74,0
2021-10-20,0.04,7492425,0.56,0.71,0.37,1.28,1
2021-10-21,0.03,3035542,0.43,-0.05,0.3,-0.21,0
2021-10-22,-0.06,2252044,-0.02,0.62,-0.11,1.12,1
2021-10-25,-0.02,4161893,0.21,-0.82,0.47,-1.22,1
2021-10-26,0.04,-737256,0.18,0.9,0.18,0.66,1
2021-10-27,-0.04,7271967,0.04,0.06,-0.51,0.02,0
2021-10-28,-0.03,1952177,-0.74,0,0.98,-0.96,0
2021-10-29,0.04,-2196331,0.68,1.39,0.19,2.34,1
2021-11-01,0.03,-4464346,0.25,0.33,0.18,0.36,0
2021-11-02,-0.01,-1449784,0.26,0.63,0.37,1.59,1
2021-11-03,0.04,2515385,0.39,0.34,0.65,1.21,0
2021-11-04,0,1627442,0.29,1.04,0.42,1.16,1
2021-11-05,-0.02,-3901118,-0.09,0.81,0.37,3.5,1
2021-11-08,-0.01,22265607,0.56,0.2,0.09,1.1,1
2021-11-09,0.07,4108367,0.29,0.07,-0.35,1.25,1
2021-11-10,-0.01,20576258,-0.31,-0.6,-0.82,-0.07,0
2021-11-11,-0.03,2511057,-0.66,-1.66,0.06,-2.83,1
2021-11-12,0,-1751596,-0.44,0.52,0.72,1.94,1
2021-11-15,-0.01,566816,0.5,1,0,0.8,1
2021-11-16,-0.03,813710,-0.04,-0.04,0.39,-0.02,1
2021-11-17,-0.06,2849423,0.15,0.76,-0.26,1.73,1
2021-11-18,0,2044236,-0.58,-0.33,0.34,-0.72,0
2021-11-19,-0.06,3642048,-0.17,0.45,-0.14,1.79,0
2021-11-22,0.02,10288368,-0.75,0.4,-0.32,0.31,0
2021-11-23,-0.04,-706959,0.05,-1.26,0.17,-1.66,0
2021-11-24,0.02,373177,0.55,-0.5,0.23,-0.33,0
2021-11-26,-0.01,-3628142,-0.03,0.44,-2.27,0.93,0
2021-11-29,-0.09,-11078242,-2.53,-2.23,1.32,-2.92,1
2021-11-30,0.01,-2470714,0.68,1.88,-1.9,4.08,1
2021-12-01,-0.02,-7418135,-1.86,-1.55,-1.18,-1.98,1
2021-12-02,0.01,5180465,-1.34,-1.83,1.42,-0.59,0
2021-12-03,-0.01,25204204,1.82,0.83,-0.84,0,0
2021-12-06,-0.05,-1219325,-0.17,-1.92,1.17,-0.16,1
2021-12-07,0.02,-9858407,1.87,0.93,2.07,-0.12,1
2021-12-08,0,-2128267,1.4,3.03,0.31,4.97,1
2021-12-09,0,209790,0.1,0.64,-0.72,-0.61,0
2021-12-10,-0.06,2030722,0,-1.71,0.95,-2.14,0
2021-12-13,-0.01,-440204,0.6,0.73,-0.91,0.91,0
2021-12-14,-0.07,-2724466,-0.89,-1.39,-0.75,-2.56,1
2021-12-15,0.04,-4819823,-0.3,-1.14,1.63,-0.52,1
2021-12-16,0.01,-4503639,1.08,2.15,-0.87,3.69,1
2021-12-17,-0.03,5068361,-0.08,-2.47,-1.03,-4.27,0
2021-12-20,-0.03,4594721,-1.48,-0.07,-1.14,-0.14,1
2021-12-21,0,-6012615,-1.23,-1.24,1.78,-0.76,1
2021-12-22,0.04,-2599811,1.6,2.4,1.02,3.35,1
2021-12-23,-0.01,1344150,0.74,1.18,0.62,0.9,0
